id,name,release_date,url,show_dates,album_image_url
5RINFTXQxiWNgoRT0Glwva,Duke '78 (Live),2024-09-20,https://open.spotify.com/album/5RINFTXQxiWNgoRT0Glwva,"[""1978-04-12""]",https://i.scdn.co/image/ab67616d0000b273b0261a6110fa872e975c16f5
0U8ec9AzCbzMNNFEAAteQY,From the Mars Hotel: The Angel's Share,2024-04-17,https://open.spotify.com/album/0U8ec9AzCbzMNNFEAAteQY,[],https://i.scdn.co/image/ab67616d0000b27384e2b5130f7ed9a843a3d204
3SGhLgl2sZtJaeAkrCAcfL,Wake of the Flood: The Angel's Share,2023-08-18,https://open.spotify.com/album/3SGhLgl2sZtJaeAkrCAcfL,[],https://i.scdn.co/image/ab67616d0000b273d7bae04c16286a4248205dba
2Lxt0taVNc2Bv20rt0d21w,"RFK Stadium, Washington, DC, 6/10/73 (Live)",2023-06-30,https://open.spotify.com/album/2Lxt0taVNc2Bv20rt0d21w,"[""1973-06-10""]",https://i.scdn.co/image/ab67616d0000b2738a059891f38f4985a426d89b
5C5SWfvEGPnbcasiePuPov,Workingman’s Dead (2023 Mickey Hart Mix),2023-06-13,https://open.spotify.com/album/5C5SWfvEGPnbcasiePuPov,[],https://i.scdn.co/image/ab67616d0000b2731808a3851cac6629539ef961
50ER5uOSuN39s05PcrRgcm,"Madison Square Garden, New York, NY 3/9/81 (Live)",2022-09-23,https://open.spotify.com/album/50ER5uOSuN39s05PcrRgcm,"[""1981-03-09""]",https://i.scdn.co/image/ab67616d0000b273a7a05f2dad49e738667e6be8
5Z73lmyC6OYW90wPImcGXR,Europe '72 (Live) [50th Anniversary Edition],2022-07-29,https://open.spotify.com/album/5Z73lmyC6OYW90wPImcGXR,[],https://i.scdn.co/image/ab67616d0000b27372ab6a16cae519cd5b6d3d35
0DS10mXgRXMkkQSxGpfADQ,"Fox Theatre, St. Louis, MO (12/10/71) [Live]",2021-10-01,https://open.spotify.com/album/0DS10mXgRXMkkQSxGpfADQ,"[""1971-12-10""]",https://i.scdn.co/image/ab67616d0000b2735d6cafcd1e911187c755ec7e
3kMxm04sEdG5qzVA3ZOGmH,Grateful Dead (Skull & Roses) [50th Anniversary Expanded Edition] [Live],2021-06-25,https://open.spotify.com/album/3kMxm04sEdG5qzVA3ZOGmH,[],https://i.scdn.co/image/ab67616d0000b2739f86d303432d5ee64e63f382
2iR2R1AJPBqRQEMZ5TnG0y,American Beauty (50th Anniversary Deluxe Edition),2020-10-30,https://open.spotify.com/album/2iR2R1AJPBqRQEMZ5TnG0y,"[""1971-02-18""]",https://i.scdn.co/image/ab67616d0000b273caaf025d43d4507d6750ba7d
2FYA9rjg3sQW8Oq9gF7KZq,American Beauty: The Angel's Share,2020-10-15,https://open.spotify.com/album/2FYA9rjg3sQW8Oq9gF7KZq,[],https://i.scdn.co/image/ab67616d0000b273feb0dd2bea656adaced18a28
3pHIxFl4HWZVHrNte1It3y,American Beauty: The Angel's Share (Demos),2020-10-01,https://open.spotify.com/album/3pHIxFl4HWZVHrNte1It3y,[],https://i.scdn.co/image/ab67616d0000b27318497f18ad876279ba11a89d
4m3LKjFymPkRQeST1KEbT0,Workingman's Dead (50th Anniversary Deluxe Edition),2020-07-10,https://open.spotify.com/album/4m3LKjFymPkRQeST1KEbT0,[],https://i.scdn.co/image/ab67616d0000b273e48679485c4c21a7d6905feb
27uj8NveXyk1lH09t4hLTB,Workingman's Dead: The Angel's Share,2020-07-01,https://open.spotify.com/album/27uj8NveXyk1lH09t4hLTB,[],https://i.scdn.co/image/ab67616d0000b273a75b22f1e6996c445957863c
2fKy7P6G5wV80UHfqCuBwS,Ready or Not (Live),2019-11-22,https://open.spotify.com/album/2fKy7P6G5wV80UHfqCuBwS,[],https://i.scdn.co/image/ab67616d0000b273314998accadd0a413a95853b
1f0whW4QE9bFNLpeyaPQiV,"Saint of Circumstance: Giants Stadium, East Rutherford, NJ 6/17/91 (Live)",2019-09-27,https://open.spotify.com/album/1f0whW4QE9bFNLpeyaPQiV,"[""1991-06-17""]",https://i.scdn.co/image/ab67616d0000b27375b2db703021c33fa8d88225
05RQvmOFKMA6YMZByVZN0Z,Aoxomoxoa (50th Anniversary Deluxe Edition),2019-06-07,https://open.spotify.com/album/05RQvmOFKMA6YMZByVZN0Z,[],https://i.scdn.co/image/ab67616d0000b273c6c9d1c7a7cdb3d1f114b915
3EUx54No5UpMca8zIyTpbd,Pacific Northwest '73-'74: Believe It If You Need It (Live),2018-09-07,https://open.spotify.com/album/3EUx54No5UpMca8zIyTpbd,[],https://i.scdn.co/image/ab67616d0000b273017918eba257a43eabf0035f
7oA5LaCIn1BE0kNYbKbTgI,Anthem of the Sun (50th Anniversary Deluxe Edition),2018-07-13,https://open.spotify.com/album/7oA5LaCIn1BE0kNYbKbTgI,"[""1967-10-22""]",https://i.scdn.co/image/ab67616d0000b273bc72d9d86e2c9e4717a1b8ad
69GtU5zPgCJHq89vBtUzlx,Grateful Dead Records Collection (2017 Remaster),2017-11-24,https://open.spotify.com/album/69GtU5zPgCJHq89vBtUzlx,[],https://i.scdn.co/image/ab67616d0000b273314e985cd461b0ac3fb3866c
3tL7OwKzkCPl18uRruEApq,Long Strange Trip (Highlights from the Motion Picture Soundtrack),2017-08-04,https://open.spotify.com/album/3tL7OwKzkCPl18uRruEApq,[],https://i.scdn.co/image/ab67616d0000b273146e05814be9ccca9f1ec4c6
7EMt0XjOBp6LK5W8LNMVP5,"Grateful Dead, Celebrating Jerry Garcia & the Days Between (Live)",2017-08-01,https://open.spotify.com/album/7EMt0XjOBp6LK5W8LNMVP5,[],https://i.scdn.co/image/ab67616d0000b273ca7b03bd16cd70cab9b33561
222U6kzGKHOa6Nf7nG7hSf,Smiling on a Cloudy Day (2017 Remaster),2017-07-11,https://open.spotify.com/album/222U6kzGKHOa6Nf7nG7hSf,[],https://i.scdn.co/image/ab67616d0000b27310574f891c2b09cff2d6bd39
3KUcDzM895MinUKmEy11S7,Long Strange Trip (Motion Picture Soundtrack),2017-05-26,https://open.spotify.com/album/3KUcDzM895MinUKmEy11S7,[],https://i.scdn.co/image/ab67616d0000b2736bc183bc1a75a0dd3b0c2456
3T9UKU0jMIyrRD0PtKXqPJ,Cornell 5/8/77 (Live),2017-05-05,https://open.spotify.com/album/3T9UKU0jMIyrRD0PtKXqPJ,"[""1977-05-08""]",https://i.scdn.co/image/ab67616d0000b27375fcab3be9f5833d23e211f0
3LjWksbSoyMWY9uG5glYKe,The Grateful Dead (50th Anniversary Deluxe Edition),2017-01-13,https://open.spotify.com/album/3LjWksbSoyMWY9uG5glYKe,"[""1967-07-29"", ""1967-07-30""]",https://i.scdn.co/image/ab67616d0000b273e4468ce62e60e734a772dcf8
6q4mDbsYJsixRai11qc2Vx,"Red Rocks Amphitheatre, Morrison, CO 7/8/78 (Live)",2016-05-13,https://open.spotify.com/album/6q4mDbsYJsixRai11qc2Vx,"[""1978-07-08""]",https://i.scdn.co/image/ab67616d0000b273bf76409fe710b31bbbd392a1
1pb85AjruirkyCxVzAYRH5,30 Days of Dead 2015,2016-03-15,https://open.spotify.com/album/1pb85AjruirkyCxVzAYRH5,[],https://i.scdn.co/image/ab67616d0000b273086ff6de369b6d617f1c8da4
5e6K3cjKiw3UswUH5ovoui,Fare Thee Well: 7/5/2015 (Live),2015-11-20,https://open.spotify.com/album/5e6K3cjKiw3UswUH5ovoui,"[""2015-07-05""]",https://i.scdn.co/image/ab67616d0000b2731d7de88cd5e0cc83552f46ee
5V0L9Vxiae3BTrFaQ4YDEi,30 Trips Around the Sun: The Definitive Live Story (1965-1995),2015-09-18,https://open.spotify.com/album/5V0L9Vxiae3BTrFaQ4YDEi,[],https://i.scdn.co/image/ab67616d0000b273337de3476e17502cfb43341b
4qNtuaVC2zN5HxJry0nnZF,American Beauty (Spotify Landmark Edition),2015-06-09,https://open.spotify.com/album/4qNtuaVC2zN5HxJry0nnZF,[],https://i.scdn.co/image/ab67616d0000b273e696c589232330bf261bfc1d
7xWKImlu9fzB1ApqoLLMiL,Wake up to Find Out: Nassau Coliseum: Uniondale; NY 3/29/1990 (Live),2014-09-08,https://open.spotify.com/album/7xWKImlu9fzB1ApqoLLMiL,"[""1990-03-29""]",https://i.scdn.co/image/ab67616d0000b27395d07ea75cb28f75e3d0e620
4bP67icXZAeeAoDlEaa0Th,Spring 1990: The Other One Sampler,2014-07-22,https://open.spotify.com/album/4bP67icXZAeeAoDlEaa0Th,[],https://i.scdn.co/image/ab67616d0000b2737abe3a5e04dfe1aa92de8857
362ZgIzLaPzCvucBJSTKX6,30 Days of Dead 2014,2014-01-01,https://open.spotify.com/album/362ZgIzLaPzCvucBJSTKX6,[],https://i.scdn.co/image/ab67616d0000b273f277e0c1f9cd2fb5aa8a65f8
1E4MXxSYoAMN5qpy1y6aBm,"Veneta, OR 8/27/72: The Complete Sunshine Daydream Concert (Live)",2013-09-13,https://open.spotify.com/album/1E4MXxSYoAMN5qpy1y6aBm,"[""1972-08-27""]",https://i.scdn.co/image/ab67616d0000b273a335131c5ab5f0ade8c35ae7
7ENQ5VEAlbbItHUL5qq9Wx,Live Albums Collection,2013-07-26,https://open.spotify.com/album/7ENQ5VEAlbbItHUL5qq9Wx,[],https://i.scdn.co/image/ab67616d0000b2730fffeae6a8b9791b69f99637
3ac83yxb1hxAjFiuJCdGNm,Complete Studio Rarities Collection,2013-07-26,https://open.spotify.com/album/3ac83yxb1hxAjFiuJCdGNm,[],https://i.scdn.co/image/ab67616d0000b273994cd04e29dc23b23d262d8f
48pdNJ9i0DMrsSSYtmlXK2,Complete Live Rarities Collection,2013-07-26,https://open.spotify.com/album/48pdNJ9i0DMrsSSYtmlXK2,[],https://i.scdn.co/image/ab67616d0000b273c01f00e1ae3a90af9995a16b
0nTHr94uQQ315KvwrPuUW2,30 Days of Dead 2013,2013,https://open.spotify.com/album/0nTHr94uQQ315KvwrPuUW2,[],https://i.scdn.co/image/ab67616d0000b273b552fc37dd2500f2171775f2
4QPyY5VUoSP22WiDAvCMVl,30 Days of Dead 2012,2012-12-04,https://open.spotify.com/album/4QPyY5VUoSP22WiDAvCMVl,[],https://i.scdn.co/image/ab67616d0000b2739b974cb084cc7c2fb28caf3b
6qO4txEK5NKSHz3L4GAD5x,Spring 1990: So Glad You Made It,2012-09-07,https://open.spotify.com/album/6qO4txEK5NKSHz3L4GAD5x,[],https://i.scdn.co/image/ab67616d0000b273951757f0f213a3f0af93577b
5Qu7UrVL5LVoTMOMpUqHP3,Selections from Spring 1990 Box,2012-08-01,https://open.spotify.com/album/5Qu7UrVL5LVoTMOMpUqHP3,[],https://i.scdn.co/image/ab67616d0000b273cfb19c6a7236845436beda12
6tgzqy3Keqge7DAPRw2asB,"Europe '72 Vol. 22: Lyceum Theatre, London, England 5/26/72 (Live)",2011-09-20,https://open.spotify.com/album/6tgzqy3Keqge7DAPRw2asB,"[""1972-05-26""]",https://i.scdn.co/image/ab67616d0000b2733a544dd0660354aef77bb41b
29pkQOWIBGGFD1EncVkILn,"Europe '72 Vol. 21: Lyceum Theatre, London, England 5/25/72 (Live)",2011-09-20,https://open.spotify.com/album/29pkQOWIBGGFD1EncVkILn,"[""1972-05-25""]",https://i.scdn.co/image/ab67616d0000b273d8f340cb5ef88856e7904be8
15Lm3z8vcVTYevEFZ9QJgP,Europe '72 Vol. 2,2011-09-20,https://open.spotify.com/album/15Lm3z8vcVTYevEFZ9QJgP,[],https://i.scdn.co/image/ab67616d0000b273e1ca27fad6b492821a58278b
1K4AvpTllYaNUNcRYw9Pyn,"Europe '72 Vol. 19: Lyceum Theatre, London, England 5/23/72 (Live)",2011-09-20,https://open.spotify.com/album/1K4AvpTllYaNUNcRYw9Pyn,"[""1972-05-23""]",https://i.scdn.co/image/ab67616d0000b273d717e8cac53c822b4cfabd33
0M7PIylsjtbgDxZCf1tef4,"Europe '72 Vol. 18: Kongressaal, Munich, West Germany 5/18/72 (Live)",2011-09-20,https://open.spotify.com/album/0M7PIylsjtbgDxZCf1tef4,"[""1972-05-18""]",https://i.scdn.co/image/ab67616d0000b27315484bb720b105e9efb750d6
6CMuGqQsNf5TRxFBSGY2JT,"Europe '72 Vol. 16: Lille Fairgrounds, Lille, France 5/13/72 (Live)",2011-09-20,https://open.spotify.com/album/6CMuGqQsNf5TRxFBSGY2JT,"[""1972-05-13""]",https://i.scdn.co/image/ab67616d0000b2734aecc68930e104cfca39ff53
7d3bghzAeP1NN27apW1YTI,"Europe '72 Vol 17: La Grande Salle Du Grand Theatre, Luxembourg (Live)",2011-09-20,https://open.spotify.com/album/7d3bghzAeP1NN27apW1YTI,[],https://i.scdn.co/image/ab67616d0000b273f7d540e7c75990236af6e50c
3EZpSEJ1k1BovW6Tp2Klz1,"Europe '72 Vol. 20: Lyceum Theatre, London England 5/24/72 (Live)",2011,https://open.spotify.com/album/3EZpSEJ1k1BovW6Tp2Klz1,"[""1972-05-24""]",https://i.scdn.co/image/ab67616d0000b2731221f38a0198edf7c2a6587e
2GVmIIvRpvCwQbvBNUM2K4,"Europe '72 Vol. 15: Grote Zaal De Doelen, Rotterdam, Holland 5/11/72 (Live)",2011,https://open.spotify.com/album/2GVmIIvRpvCwQbvBNUM2K4,"[""1972-05-11""]",https://i.scdn.co/image/ab67616d0000b27300065505bbd2b12aff2c6b12
5T7RvMATOxVnCM4Q32S7vH,"Europe '72 Vol. 14: Concertgebouw, Amsterdam, Holland 5/10/72 (Live)",2011,https://open.spotify.com/album/5T7RvMATOxVnCM4Q32S7vH,"[""1972-05-10""]",https://i.scdn.co/image/ab67616d0000b273b34f6df4edc65546ce6fcaf7
2dey7kGDFAByEACexapiV6,"Europe '72 Vol. 13: Bickershaw Festival, Wigan, England 5/7/72 (Live)",2011,https://open.spotify.com/album/2dey7kGDFAByEACexapiV6,"[""1972-05-07""]",https://i.scdn.co/image/ab67616d0000b27362a19b682761273542211eb1
3S1abYMND9BSJzbMcpJhj8,"Europe '72 Vol. 12: L'Olympia, Paris, France 5/4/72 (Live)",2011,https://open.spotify.com/album/3S1abYMND9BSJzbMcpJhj8,"[""1972-05-04""]",https://i.scdn.co/image/ab67616d0000b273bc0249da81775e85d24ef020
4avLivYQqNDnkxfMDTSIsJ,"Europe '72 Vol. 11: L'Olympia, Paris, France 5/3/72 (Live)",2011,https://open.spotify.com/album/4avLivYQqNDnkxfMDTSIsJ,"[""1972-05-03""]",https://i.scdn.co/image/ab67616d0000b2735dfa73131d74203cab8e8b27
6ha88H8pRux3VDEkp3S55P,"Hampton, VA, October 1989 (Live)",2010-08-23,https://open.spotify.com/album/6ha88H8pRux3VDEkp3S55P,"[""1989-10-08"", ""1989-10-09""]",https://i.scdn.co/image/ab67616d0000b2737e2dca2fcfbfeb54af99ec23
1ILNO0v1Natm87x5UPedHh,"Crimson, White & Indigo: July 7 1989, JFK Stadium, Philadelphia (Live)",2010-04-16,https://open.spotify.com/album/1ILNO0v1Natm87x5UPedHh,[],https://i.scdn.co/image/ab67616d0000b273d88a7fba6039179e8955ff37
6aODZ83mana5oClW6sXEkx,"To Terrapin: May 28, 1977 Hartford, CT (Live)",2009-04-06,https://open.spotify.com/album/6aODZ83mana5oClW6sXEkx,"[""1977-05-28""]",https://i.scdn.co/image/ab67616d0000b273330151c5c53063b1b1b8b046
1T3gjxFeNGxmbP697kIQ69,"Rocking the Cradle, Egypt 1978 (Live)",2008-09-29,https://open.spotify.com/album/1T3gjxFeNGxmbP697kIQ69,"[""1978-09-16""]",https://i.scdn.co/image/ab67616d0000b2738470b268aecbc48d86445c9b
7nsrYIDrEZvCjH4Eh53uTo,"Download Series: Family Dog at the Great Highway, San Francisco, CA 7/4/70 (Live)",2006,https://open.spotify.com/album/7nsrYIDrEZvCjH4Eh53uTo,"[""1970-07-04""]",https://i.scdn.co/image/ab67616d0000b273f7bdf7d0323377309b4ea73b
7CuPAAL41j1vEjYTjNh2OA,"Download Series Vol. 9: Civic Arena, Pittsburgh, PA 4/2/89 & 4/3/89 (Live)",2006,https://open.spotify.com/album/7CuPAAL41j1vEjYTjNh2OA,"[""1989-04-02"", ""1989-04-03""]",https://i.scdn.co/image/ab67616d0000b2738e8b3b2b077dcca8b64f76d2
5qtj5KMkzFx1270VxODSkD,"Download Series Vol. 12: Washington U., St. Louis, MO 4/17/69 (Live)",2006,https://open.spotify.com/album/5qtj5KMkzFx1270VxODSkD,"[""1969-04-17""]",https://i.scdn.co/image/ab67616d0000b273741fe7e384c65bc343d33e53
67fPMapwwewntR68xRwqfM,"Download Series Vol. 11: Pine Knob Music Theater, Clarkston, MI 6/20/91 (Live)",2006,https://open.spotify.com/album/67fPMapwwewntR68xRwqfM,"[""1991-06-20""]",https://i.scdn.co/image/ab67616d0000b27306552bfcc3cb613abb1ecdd9
0nMKTUPdDm7Zk5WbIfjTKg,"Download Series Vol. 10: Paramount Northwest Theatre, Seattle, WA 7/21/72 (Live)",2006,https://open.spotify.com/album/0nMKTUPdDm7Zk5WbIfjTKg,"[""1972-07-21""]",https://i.scdn.co/image/ab67616d0000b27337979da9dcf3fa19ad7e1f63
7kSAAykKHLJmiw8OpdVMf1,Rare Cuts & Oddities 1966,2005,https://open.spotify.com/album/7kSAAykKHLJmiw8OpdVMf1,[],https://i.scdn.co/image/ab67616d0000b2734e66cd7159b2cb035514f128
7vAB87YflHzcgkuIp8RprK,Fillmore West 1969 (Live),2005,https://open.spotify.com/album/7vAB87YflHzcgkuIp8RprK,[],https://i.scdn.co/image/ab67616d0000b2732f291b2403982d38779c2297
700QCCumNYFQgg22mArrAw,"Download Series Vol. 8: Charlotte Coliseum, Charlotte, NC 12/10/73 (Live)",2005,https://open.spotify.com/album/700QCCumNYFQgg22mArrAw,"[""1973-12-10""]",https://i.scdn.co/image/ab67616d0000b273075773c3b529a86b600363c2
0e0DiVVupxN4D9xOspyKRU,"Download Series Vol. 7: Springfield Civic Center, Springfield, MA 9/30/80 / Providence Civic Center, Providence, RI 9/4/80 (Live)",2005,https://open.spotify.com/album/0e0DiVVupxN4D9xOspyKRU,"[""1980-09-30"", ""1980-09-04""]",https://i.scdn.co/image/ab67616d0000b27389a829dfb009efa186b6b4c2
04BKBau3lJBVp0xY5wzmPW,"Download Series Vol. 6: Carousel Ballroom, San Francisco, CA 3/17/68 (Live)",2005,https://open.spotify.com/album/04BKBau3lJBVp0xY5wzmPW,"[""1968-03-17""]",https://i.scdn.co/image/ab67616d0000b2735256036f9b9f14e1ab80aab3
3LzNGrAGOmLbdQRSRcJzxf,"Download Series Vol. 5: Hampton Coliseum, Hampton, VA 3/27/88 (Live)",2005,https://open.spotify.com/album/3LzNGrAGOmLbdQRSRcJzxf,"[""1988-03-27""]",https://i.scdn.co/image/ab67616d0000b27394a370d873526e2e7c2319c9
5h5Wx6ltrPyzb7yRFPzEyX,"Download Series Vol. 4: Capitol Theatre, Passaic, NJ 6/18/76 / Tower Theatre, Philadelphia, PA 6/21/76 (Live)",2005,https://open.spotify.com/album/5h5Wx6ltrPyzb7yRFPzEyX,"[""1976-06-18"", ""1976-06-21""]",https://i.scdn.co/image/ab67616d0000b273a2fb51355ef35710e533506b
0lyrgO8Pmo87VJqP6ej4Ax,"Download Series Vol. 3: The Palestra, Rochester, NY 10/26/71 (Live)",2005,https://open.spotify.com/album/0lyrgO8Pmo87VJqP6ej4Ax,"[""1971-10-26""]",https://i.scdn.co/image/ab67616d0000b2738a6d39e37124babb2cbb84de
34ZSMxipFp6GVTLUVmc009,"Download Series Vol. 2: Springer's Inn, Portland, OR 1/18/70 (Live)",2005,https://open.spotify.com/album/34ZSMxipFp6GVTLUVmc009,"[""1970-01-18""]",https://i.scdn.co/image/ab67616d0000b273faaa1d8850d0f5bf7c5eb9d0
3PT8V8Rok86NvRgdP92yj9,"Download Series Vol. 1: Palladium, New York, NY 4/30/77 (Live)",2005,https://open.spotify.com/album/3PT8V8Rok86NvRgdP92yj9,"[""1977-04-30""]",https://i.scdn.co/image/ab67616d0000b27339752f8afe0b874e8c08cb50
1lNa8R1EuIfJz9zhZ0H1vx,"Dick's Picks Vol. 36: The Spectrum, Philadelphia, PA 9/21/1972 (Live)",2005,https://open.spotify.com/album/1lNa8R1EuIfJz9zhZ0H1vx,"[""1972-09-21""]",https://i.scdn.co/image/ab67616d0000b2732c54331ec2e1d3eb5654f0d2
24rc4HaQfvOOSnq32PkOC1,"Dick's Picks Vol. 34: Community War Memorial, Rochester, NY 11/5/77 (Live)",2005,https://open.spotify.com/album/24rc4HaQfvOOSnq32PkOC1,"[""1977-11-05""]",https://i.scdn.co/image/ab67616d0000b273dc245d1be391b12e9bb324d1
65ktF7lkujUnpca7cLRj6s,Europe '72 [Live] [Expanded],2004-10-05,https://open.spotify.com/album/65ktF7lkujUnpca7cLRj6s,[],https://i.scdn.co/image/ab67616d0000b27319377ce0b3880d75bf5aa605
3DQoclC4aJ99gOnmYQUyWx,Dozin' at the Knick: Knickerbocker Arena (Live),2004-08-31,https://open.spotify.com/album/3DQoclC4aJ99gOnmYQUyWx,"[""1990-03-24"", ""1990-03-25"", ""1990-03-26""]",https://i.scdn.co/image/ab67616d0000b273860e9aed1a2092efa4b9d224
1QPPIh78A5yXL9Lux8oPp7,"Rockin' the Rhein with the Grateful Dead: Rheinhalle, Dusseldorf, West Germany, 4/24/72 (Live)",2004-05-24,https://open.spotify.com/album/1QPPIh78A5yXL9Lux8oPp7,"[""1972-04-24""]",https://i.scdn.co/image/ab67616d0000b273ae588f15dd03cb3b3757fe5a
7K5jvjbQB05gnFxsgwPvmt,One from the Vault (Live),2004,https://open.spotify.com/album/7K5jvjbQB05gnFxsgwPvmt,"[""1975-08-13""]",https://i.scdn.co/image/ab67616d0000b273031fdc6f06798c2f50f4ab9f
4sY292VqKmwyj1RYlhBFoA,"Dick's Picks Vol. 33: Oakland Coliseum Stadium, Oakland, CA 10/9/76 & 10/10/76 (Live)",2004,https://open.spotify.com/album/4sY292VqKmwyj1RYlhBFoA,"[""1976-10-09"", ""1976-10-10""]",https://i.scdn.co/image/ab67616d0000b2735dcea2f0f5f840bd65556db2
3Nru2SaW3yVSxqHbWNXcwc,"Dick's Picks Vol. 32: Alpine Valley Music Theater, East Troy, WI 8/7/82 (Live)",2004,https://open.spotify.com/album/3Nru2SaW3yVSxqHbWNXcwc,"[""1982-08-07""]",https://i.scdn.co/image/ab67616d0000b2738f0a7d50a6db5d0bf2ba0a2a
0EgV8QqWBeSt1U6MBK6NnC,"Dick's Picks Vol. 31: Philadelphia Civic Center, Philadelphia, PA 8/4/74 - 8/5/74 / Roosevelt Stadium, Jersey City, NJ8/6/74 (Live)",2004,https://open.spotify.com/album/0EgV8QqWBeSt1U6MBK6NnC,"[""1974-08-04"", ""1974-08-05"", ""1974-08-06""]",https://i.scdn.co/image/ab67616d0000b273e9cdd88a06fb721224fac139
7kllcqzsmi744saUQQ7DiB,"Dick's Picks Vol. 1: Curtis Hixon Hall, Tampa, FL 12/19/73 (Live)",2004,https://open.spotify.com/album/7kllcqzsmi744saUQQ7DiB,"[""1973-12-19""]",https://i.scdn.co/image/ab67616d0000b273140afed8828591503c05c34c
3RtA7CxOnsJvfipdg4A3U8,"The Closing of Winterland: December 31, 1978",2003-11-11,https://open.spotify.com/album/3RtA7CxOnsJvfipdg4A3U8,"[""1978-12-31""]",https://i.scdn.co/image/ab67616d0000b273dd95f0a374adadbf450692a0
1cnArqU8gDNK2pPksZsQZw,"Dick's Picks Vol. 30: Academy of Music, New York, NY 3/25/72 & 3/28/72 (Live)",2003,https://open.spotify.com/album/1cnArqU8gDNK2pPksZsQZw,"[""1972-03-25"", ""1972-03-28""]",https://i.scdn.co/image/ab67616d0000b2733fc668bdda92a81e7d261629
4nuyKoY91WKwR6HLq7Gzkl,"Dick's Picks Vol. 29: Fox Theater, Atlanta, GA 5/19/77 / Lakeland Civic Center Arena, Lakeland, FL 5/21/77 (Live)",2003,https://open.spotify.com/album/4nuyKoY91WKwR6HLq7Gzkl,"[""1977-05-19"", ""1977-05-21""]",https://i.scdn.co/image/ab67616d0000b2737a967c53b9848fd82833b3ef
0xp6JpT8jrnK0FV4Xf4MG0,"Dick's Picks Vol. 28: Pershing Municipal Auditorium, Lincoln, NE 2/26/73 / Salt Palace, Salt Lake City, UT 2/28/73 (Live)",2003,https://open.spotify.com/album/0xp6JpT8jrnK0FV4Xf4MG0,"[""1973-02-26"", ""1973-02-28""]",https://i.scdn.co/image/ab67616d0000b273238f8671e9e64f720271e806
1ao7jrAGQ6xf6ywjbKM8vU,"Dick's Picks Vol. 27: Oakland Coliseum Arena, Oakland, CA 12/16/92 (Live)",2003,https://open.spotify.com/album/1ao7jrAGQ6xf6ywjbKM8vU,"[""1992-12-16""]",https://i.scdn.co/image/ab67616d0000b273738dd5cc2cb4e940b940e2da
0WjqABEwiclklIWJtKfVga,"Go to Nassau: May 15 & 16, 1980 (Live)",2002-10-22,https://open.spotify.com/album/0WjqABEwiclklIWJtKfVga,"[""1980-05-15"", ""1980-05-16""]",https://i.scdn.co/image/ab67616d0000b273bd047bb9645b5a92c2980a26
6adTq5oT5ieTZUtx7zwd8U,Steppin' out with the Grateful Dead England '72 (Live),2002-07-09,https://open.spotify.com/album/6adTq5oT5ieTZUtx7zwd8U,[],https://i.scdn.co/image/ab67616d0000b273e227f65a02f37570bc6ce0d7
4z650uYpycmQJvDVtfrYnb,Postcards of the Hanging: Grateful Dead Perform the Songs of Bob Dylan (Live),2002,https://open.spotify.com/album/4z650uYpycmQJvDVtfrYnb,[],https://i.scdn.co/image/ab67616d0000b2739c23002d807d64afaa694952
50rpHqRFD3K7bCTRBtraGH,"Dick's Picks Vol. 26: Electric Theater, Chicago, IL 4/26/69 / Labor Temple, Minneapolis, MN 4/27/69 (Live)",2002,https://open.spotify.com/album/50rpHqRFD3K7bCTRBtraGH,"[""1969-04-26"", ""1969-04-27""]",https://i.scdn.co/image/ab67616d0000b2732424a074228587876453763f
1C1qBy9KA5ddXkl6Ya82gr,"Dick's Picks Vol. 25: Veterans Memorial Coliseum, New Haven, CT 5/10/78 / Springfield Civic Center, Springfield, MA 5/11/78 (Live)",2002,https://open.spotify.com/album/1C1qBy9KA5ddXkl6Ya82gr,"[""1978-05-10"", ""1978-05-11""]",https://i.scdn.co/image/ab67616d0000b27303c6a8b12b7729d159df6ca5
4jiBYEFx7rv6C6UTYywZZO,"Dick's Picks Vol. 24: Cow Palace, Daly City, CA 3/23/74 (Live)",2002,https://open.spotify.com/album/4jiBYEFx7rv6C6UTYywZZO,"[""1974-03-23""]",https://i.scdn.co/image/ab67616d0000b273647ecb3118e268e397243491
5AShxlldX1DRSejBuyZmSG,"History of the Grateful Dead, Vol. 1 (Bear's Choice)",2001-10-30,https://open.spotify.com/album/5AShxlldX1DRSejBuyZmSG,[],https://i.scdn.co/image/ab67616d0000b273d2519993a537df3660ba6193
31bICy4msxPCUrDJbRiaYm,Nightfall of Diamonds (Live),2001-09-25,https://open.spotify.com/album/31bICy4msxPCUrDJbRiaYm,"[""1989-10-16""]",https://i.scdn.co/image/ab67616d0000b27343d566ee8ffdbe82ab77aa84
09fKoRSQnIP9SAWKSZkWa9,Europe '72 (Live; 2001 Remaster),2001,https://open.spotify.com/album/09fKoRSQnIP9SAWKSZkWa9,[],https://i.scdn.co/image/ab67616d0000b2733fe2dcad32d5fce830e836b3
7gyyunPy7dVsDB4cp7ZReW,"Dick's Picks Vol. 23: Baltimore Civic Center, Baltimore, MD 9/17/72 (Live)",2001,https://open.spotify.com/album/7gyyunPy7dVsDB4cp7ZReW,"[""1972-09-17""]",https://i.scdn.co/image/ab67616d0000b273d5116299dcc22b23fd924495
2aipUPHU0KrGAq2QaAvlOz,"Dick's Picks Vol. 22: Kings Beach Bowl, Kings Beach Lake Tahoe, CA 2/23/68 & 2/24/68 (Live)",2001,https://open.spotify.com/album/2aipUPHU0KrGAq2QaAvlOz,"[""1968-02-23"", ""1968-02-24""]",https://i.scdn.co/image/ab67616d0000b273bb44d9995d389f6629b179da
4QLlTAC9pOzbZo7qQ63dXm,"Dick's Picks Vol. 21: Richmond Coliseum, Richmond, VA 11/1/1985 (Live)",2001,https://open.spotify.com/album/4QLlTAC9pOzbZo7qQ63dXm,"[""1985-11-01""]",https://i.scdn.co/image/ab67616d0000b273596906cb82211861595ada11
34KjKiNyuggM0g2No4ZnTv,"Dick's Picks Vol. 20: Capital Centre, Landover, MD 9/25/76 / Onondaga County War Memorial, Syrcause, NY 9/28/76",2001,https://open.spotify.com/album/34KjKiNyuggM0g2No4ZnTv,"[""1976-09-25"", ""1976-09-28""]",https://i.scdn.co/image/ab67616d0000b273f9aed779bc2721811623476d
1GU8dYooagGR6jBwbdsGCr,"Dick's Picks Vol. 19: Fairgrounds Arena, Oklahoma City, OK 10/19/73 (Live)",2000,https://open.spotify.com/album/1GU8dYooagGR6jBwbdsGCr,"[""1973-10-19""]",https://i.scdn.co/image/ab67616d0000b2733746afcaacff3c47062301b3
1eXlwGtPpBs59cULO5gb4i,"Dick's Picks Vol. 18: Dane County Coliseum, Madison, WI 2/3/78 / UNI-Dome, University of Iowa, Cedar Falls, IA 2/5/78 (Live)",2000,https://open.spotify.com/album/1eXlwGtPpBs59cULO5gb4i,"[""1978-02-03"", ""1978-02-05""]",https://i.scdn.co/image/ab67616d0000b273ccebd3b6e4c1ac91cae208fa
1rZjJhRyYT3MAQrCSxoF6D,"Dick's Picks Vol. 17: Boston Garden, Boston, MA 9/25/91",2000,https://open.spotify.com/album/1rZjJhRyYT3MAQrCSxoF6D,"[""1991-09-25""]",https://i.scdn.co/image/ab67616d0000b2736c624e2544262d1287c9fd30
1GbnL43DSgDRIIvKTVDSjP,"Dick's Picks Vol. 16: Fillmore Auditorium, San Francisco, CA 11/8/69 (Live)",2000,https://open.spotify.com/album/1GbnL43DSgDRIIvKTVDSjP,"[""1969-11-08""]",https://i.scdn.co/image/ab67616d0000b273d8d387dd55c728e36e7649a6
7mPptCcvPGwhCBGtqNvjk5,So Many Roads (1965 - 1995),1999-11-07,https://open.spotify.com/album/7mPptCcvPGwhCBGtqNvjk5,[],https://i.scdn.co/image/ab67616d0000b2734e5a38077e0e759720ecbdf9
3jzf0bKlIMjSQNk5wibVHT,"Dick's Picks Vol. 35: Golden Hall, San Diego, CA 8/7/71 / Auditorium Theater, Chicago, IL 8/24/71 (Live)",1999,https://open.spotify.com/album/3jzf0bKlIMjSQNk5wibVHT,"[""1971-08-07"", ""1971-08-24""]",https://i.scdn.co/image/ab67616d0000b273426d3c7bbad640fc7580ab96
5uzn9YQ9XS2OoAt65U8Drg,"Dick's Picks Vol. 15: Raceway Park, Englishtown, NJ 9/3/77 (Live)",1999,https://open.spotify.com/album/5uzn9YQ9XS2OoAt65U8Drg,"[""1977-09-03""]",https://i.scdn.co/image/ab67616d0000b2730ee0454c406dc143722b669e
69UIkpF0CA8RJQqCsrGgLo,"Dick's Picks Vol. 14: Boston Music Hall, Boston, MA 11/30/73 & 12/2/73 (Live)",1999,https://open.spotify.com/album/69UIkpF0CA8RJQqCsrGgLo,"[""1973-11-30"", ""1973-12-02""]",https://i.scdn.co/image/ab67616d0000b273b7ed577f15989243847e4a27
5KhX09Ik4LFkLGgwz6DxJa,"Dick's Picks Vol. 13: Nassau Coliseum, Uniondale, NY 5/6/81 (Live)",1999,https://open.spotify.com/album/5KhX09Ik4LFkLGgwz6DxJa,"[""1981-05-06""]",https://i.scdn.co/image/ab67616d0000b273f3f411062aa146743ca478c0
1ZMr1r6Lxv79dhy4qHZHkK,"Dick's Picks Vol. 10: Winterland Arena, San Francisco, CA 12/29/77 (Live)",1998-02-26,https://open.spotify.com/album/1ZMr1r6Lxv79dhy4qHZHkK,"[""1977-12-29""]",https://i.scdn.co/image/ab67616d0000b2733fb747e671c7fbeda7033bee
6WkEkUyQr44edhbVYFfCH2,Studio Session,1998,https://open.spotify.com/album/6WkEkUyQr44edhbVYFfCH2,[],https://i.scdn.co/image/ab67616d0000b27312eb58efe18866f498ab2430
0B87pzzLQzyevvMvdcJqHZ,"Dick's Picks Vol. 12: Providence Civic Center, Providence, RI 6/26/74 / Boston Garden, Boston, MA 6/28/74",1998,https://open.spotify.com/album/0B87pzzLQzyevvMvdcJqHZ,"[""1974-06-26"", ""1974-06-28""]",https://i.scdn.co/image/ab67616d0000b2731aba24545f76ef924b355a23
2pPrEb0IJFk3W6NoQSMnZM,"Dick's Picks Vol. 11: Stanley Theater, Jersey City, NJ 9/27/72",1998,https://open.spotify.com/album/2pPrEb0IJFk3W6NoQSMnZM,"[""1972-09-27""]",https://i.scdn.co/image/ab67616d0000b273d3dbbf18d791831eaa413c7b
6tq8IXlrYLkNZF3NWxIZCu,Fallout from the Phil Zone (Live),1997-06-17,https://open.spotify.com/album/6tq8IXlrYLkNZF3NWxIZCu,[],https://i.scdn.co/image/ab67616d0000b27379feddc065e5fe6a6ef0d41c
4Oo46t2jDGsb7Ka3hqZCgy,Fillmore East 2/11/69 (Live),1997-01-01,https://open.spotify.com/album/4Oo46t2jDGsb7Ka3hqZCgy,"[""1969-02-11""]",https://i.scdn.co/image/ab67616d0000b273c831c2db8db5dcd423f688f0
2Ki3onvS212d1YPeduDkCk,"Dick's Picks Vol. 9: Madison Square Garden, New York, NY 9/16/90 (Live)",1997,https://open.spotify.com/album/2Ki3onvS212d1YPeduDkCk,"[""1990-09-16""]",https://i.scdn.co/image/ab67616d0000b273e2ccd0062561cf8fbece0fd7
4NldodakYXDeK7OoEe2oBW,"Dick's Picks Vol. 8: Harpur College, Binghamton, NY 5/2/70 (Live)",1997,https://open.spotify.com/album/4NldodakYXDeK7OoEe2oBW,"[""1970-05-02""]",https://i.scdn.co/image/ab67616d0000b273ec54d02a29206c4e49c20a5c
2tDQBnR5OrbHg8mfGbetxf,"Dick's Picks Vol. 7: Alexandra Palace, London, England 9/9/74 - 9/11/74 (Live)",1997,https://open.spotify.com/album/2tDQBnR5OrbHg8mfGbetxf,"[""1974-09-09"", ""1974-09-10"", ""1974-09-11""]",https://i.scdn.co/image/ab67616d0000b27303ce0e9da20dbac55dbdc89f
0MUCSAd1FNHH0MQBEKVxm2,"Dick's Picks Vol. 6: Hartford Civic Center, Hartford, CT 10/14/83 (Live)",1996,https://open.spotify.com/album/0MUCSAd1FNHH0MQBEKVxm2,"[""1983-10-14""]",https://i.scdn.co/image/ab67616d0000b2737df8fc47cc3f8fff7135129e
5HS80DlI8zRtS34wyS6iaR,"Dick's Picks Vol. 5: Oakland Auditorium Arena, Oakland, CA 12/26/79",1996,https://open.spotify.com/album/5HS80DlI8zRtS34wyS6iaR,"[""1979-12-26""]",https://i.scdn.co/image/ab67616d0000b273cec9d945f6c997c2ded0edef
518Uq6B4Y3X1EnNr8SsGQ7,"Dick's Picks Vol. 4: Fillmore East, New York, NY 2/13/70 - 2/14/70 (Live)",1996,https://open.spotify.com/album/518Uq6B4Y3X1EnNr8SsGQ7,"[""1970-02-13"", ""1970-02-14""]",https://i.scdn.co/image/ab67616d0000b273ca222146c7ec2a261b57f76e
1iZbyAj4kT1U8lXtu4t415,Hundred Year Hall (Live),1995-09-26,https://open.spotify.com/album/1iZbyAj4kT1U8lXtu4t415,[],https://i.scdn.co/image/ab67616d0000b273c1c53ee367fbacd25faf1dd8
3KxT9J6KTuKeXox9BUikZ4,"Dick's Picks Vol. 3: Hollywood Sportatorium, Pembroke Pines, FL 5/22/77 (Live)",1995,https://open.spotify.com/album/3KxT9J6KTuKeXox9BUikZ4,"[""1977-05-22""]",https://i.scdn.co/image/ab67616d0000b27335c685153acb988cfe970363
45uNoDchZ61dBfOWGqeG0l,"Dick's Picks Vol. 2: Ohio Theater, Columbus, OH 10/31/71 (Live)",1995,https://open.spotify.com/album/45uNoDchZ61dBfOWGqeG0l,"[""1971-10-31""]",https://i.scdn.co/image/ab67616d0000b2735d4079c024a2261d8a992713
4kq5T5R93X2xLIx7k5L0y1,Grayfolded - Transitive Axis,1994,https://open.spotify.com/album/4kq5T5R93X2xLIx7k5L0y1,[],https://i.scdn.co/image/ab67616d0000b27305c368236aced3b8f451bd29
3gp6EWCp9DJmFRYieHZMrZ,Grayfolded - Mirror Ashes,1994,https://open.spotify.com/album/3gp6EWCp9DJmFRYieHZMrZ,[],https://i.scdn.co/image/ab67616d0000b273f96e86a38f186d674eaf1c67
1bKxygqnMcS7twRhGMK36U,Two from the Vault,1992,https://open.spotify.com/album/1bKxygqnMcS7twRhGMK36U,"[""1970-02-14"", ""1970-02-15""]",https://i.scdn.co/image/ab67616d0000b2735e211f7a8cd54463c89a672e
3GfAcOrfKnUH3HaQ361LOs,Infrared Roses (Live),1991-01-01,https://open.spotify.com/album/3GfAcOrfKnUH3HaQ361LOs,[],https://i.scdn.co/image/ab67616d0000b2732ba77f2468cb7bd3b0d58a0d
6HyLzcuUZALOpAGnArJB8G,Without a Net (Live),1990,https://open.spotify.com/album/6HyLzcuUZALOpAGnArJB8G,[],https://i.scdn.co/image/ab67616d0000b273ab8733e0cb3fbc7a6c582c4e
6vSC6IoZLnfMZ3IuzAugsu,Built to Last (2013 Remaster),1989-10-31,https://open.spotify.com/album/6vSC6IoZLnfMZ3IuzAugsu,[],https://i.scdn.co/image/ab67616d0000b27320be29f35d84bcf9785d8e37
4JRGOVW4uof9z0xqoCthY2,Built to Last,1989-10-31,https://open.spotify.com/album/4JRGOVW4uof9z0xqoCthY2,[],https://i.scdn.co/image/ab67616d0000b27321cae8f5a4cf6e335422e16e
2H8oXIOkww0RuVckCa6Scw,Dylan & The Dead - Live,1989-02-06,https://open.spotify.com/album/2H8oXIOkww0RuVckCa6Scw,[],https://i.scdn.co/image/ab67616d0000b27378835a7d6df72f22995643fd
1KytsXm6VQcyX5B5m8HBNa,In the Dark,1987,https://open.spotify.com/album/1KytsXm6VQcyX5B5m8HBNa,[],https://i.scdn.co/image/ab67616d0000b2739ffa0bb50967ca396e356373
3JkZNb121j49XR4ACjKV7q,Dead Set (Live),1981-08-26,https://open.spotify.com/album/3JkZNb121j49XR4ACjKV7q,[],https://i.scdn.co/image/ab67616d0000b2730ffc5297bec634fc4b02ae5a
1T7YIthjEvwsxbUHZ7NdBD,Reckoning (Live),1981-04-01,https://open.spotify.com/album/1T7YIthjEvwsxbUHZ7NdBD,[],https://i.scdn.co/image/ab67616d0000b2736f66b6fa46a4394ba28ac805
4limgkCDpuhOUIrUz0U7ly,"Ladies and Gentlemen... The Grateful Dead: Fillmore East, New York City, April 1971 (Live)",1980-10-20,https://open.spotify.com/album/4limgkCDpuhOUIrUz0U7ly,"[""1971-04-25"", ""1971-04-26"", ""1971-04-27"", ""1971-04-28""]",https://i.scdn.co/image/ab67616d0000b27389cf08b7775ca9dd29e52559
6x3mttp1a5pLHj8rDDSEbT,Go to Heaven,1980,https://open.spotify.com/album/6x3mttp1a5pLHj8rDDSEbT,[],https://i.scdn.co/image/ab67616d0000b273dd5ce8d59ef803b79aa3740e
0MLCxvyIfAuh5xwPORv8p6,Shakedown Street,1978,https://open.spotify.com/album/0MLCxvyIfAuh5xwPORv8p6,[],https://i.scdn.co/image/ab67616d0000b27342138ccd68ce6d0f04f5013d
0WVDqz6ty88sjpbfvMqF98,Terrapin Station (2014 Remaster),1977,https://open.spotify.com/album/0WVDqz6ty88sjpbfvMqF98,[],https://i.scdn.co/image/ab67616d0000b2730996318f9c63869e92f2a750
7bxvIUiU9S25YQgleMLCTG,Blues for Allah,1975-08-01,https://open.spotify.com/album/7bxvIUiU9S25YQgleMLCTG,[],https://i.scdn.co/image/ab67616d0000b27391e48f3f524146f2c2aa8b61
5BwjVdVJ4aOmbIYomznfCv,Blues for Allah (2013 Remaster),1975,https://open.spotify.com/album/5BwjVdVJ4aOmbIYomznfCv,[],https://i.scdn.co/image/ab67616d0000b2730d092737cda384640b354d8e
17Em1ShnwvguCSeyNExYjX,From the Mars Hotel (50th Anniversary Deluxe Edition),1974-06-27,https://open.spotify.com/album/17Em1ShnwvguCSeyNExYjX,"[""1974-05-12""]",https://i.scdn.co/image/ab67616d0000b273f8d1a61b7e1ddfbcacb1a705
68jAZmtRB51enSAufOJBtJ,From the Mars Hotel,1974,https://open.spotify.com/album/68jAZmtRB51enSAufOJBtJ,[],https://i.scdn.co/image/ab67616d0000b273b6fccabcb9dbfa78a0026482
3vYL9bhIM2S1wpH5v7iOPJ,Wake of the Flood (50th Anniversary Deluxe Edition),1973-10-15,https://open.spotify.com/album/3vYL9bhIM2S1wpH5v7iOPJ,[],https://i.scdn.co/image/ab67616d0000b27332a521c58723d5713f0b646a
4RzmIalCsGVo8jY2ELZjmn,History of the Grateful Dead Vol. 1 (Bear's Choice) [Live] [50th Anniversary Edition],1973-07-01,https://open.spotify.com/album/4RzmIalCsGVo8jY2ELZjmn,[],https://i.scdn.co/image/ab67616d0000b2739fdff54cb3e4d49a13272f47
4wIEQMHtdye4aeSc2FYxI0,Wake of the Flood (2013 Remaster),1973,https://open.spotify.com/album/4wIEQMHtdye4aeSc2FYxI0,[],https://i.scdn.co/image/ab67616d0000b273100cf67e7bab40773505d864
3FmkdOqxKwpol7so3sdIUg,"Europe '72 Vol. 8: Rheinhalle, Dusseldorf, West Germany 4/24/72 (Live)",1972-11-05,https://open.spotify.com/album/3FmkdOqxKwpol7so3sdIUg,"[""1972-04-24""]",https://i.scdn.co/image/ab67616d0000b273528876981c33c2de894ff919
32h6hF1i79qgFGwVh0qTJk,"Europe '72 Vol. 7: Live at Beat Club, Bremen, West Germany 4/21/1972",1972-11-05,https://open.spotify.com/album/32h6hF1i79qgFGwVh0qTJk,"[""1972-04-21""]",https://i.scdn.co/image/ab67616d0000b273a0b5463ab87e0fbafea8cb18
6Yw0qA9xNfFpkSwzwIOwOW,"Europe '72 Vol. 6: Tivoli Concert Hall, Copenhagen, Denmark 4/17/72 (Live)",1972-11-05,https://open.spotify.com/album/6Yw0qA9xNfFpkSwzwIOwOW,"[""1972-04-17""]",https://i.scdn.co/image/ab67616d0000b2734be218c8a96ba03b26baae37
7l9AfB3E5teHyZ0g7WDlx1,"Europe '72 Vol. 4: Tivoli Concert Hall, Copenhagen, Denmark 4/14/72 (Live)",1972-11-05,https://open.spotify.com/album/7l9AfB3E5teHyZ0g7WDlx1,"[""1972-04-14""]",https://i.scdn.co/image/ab67616d0000b27371c303ce602d7b64e56cc6e7
65WlVRyo45LwtRg8QJfya3,"Europe '72 Vol. 3: City Hall, Newcastle, England 4/11/72 (Live)",1972-11-05,https://open.spotify.com/album/65WlVRyo45LwtRg8QJfya3,"[""1972-04-11""]",https://i.scdn.co/image/ab67616d0000b2733c8f6f0a4163d9a913113317
75u5l9TfTohni1xWrAUfxe,"Europe '72 Vol. 2: Wembley Empire Pool, London, England 4/8/72 (Live)",1972-11-05,https://open.spotify.com/album/75u5l9TfTohni1xWrAUfxe,"[""1972-04-08""]",https://i.scdn.co/image/ab67616d0000b2734949af440d649616fb16bf40
6j3vuVPhMRB0H5CgPZ8wTd,"Europe '72 Vol. 1: Wembley Empire Pool, London, England 4/7/72 (Live)",1972-11-05,https://open.spotify.com/album/6j3vuVPhMRB0H5CgPZ8wTd,"[""1972-04-07""]",https://i.scdn.co/image/ab67616d0000b273bec5adb8137604e49f1c8ccc
1WBPhea5H2NnDaNuAFI0Fr,"Europe '72 Vol. 10: Musikhalle, Hamburg, West Germany 4/29/72 (Live)",1972-11-05,https://open.spotify.com/album/1WBPhea5H2NnDaNuAFI0Fr,"[""1972-04-29""]",https://i.scdn.co/image/ab67616d0000b273806155a5049193b245ccab5a
2IjyW9HhEre9dSNCOOzHhS,"Europe '72 Vol 9: Jahrhundert Halle, Frankfurt, West Germany 4/26/72",1972-11-05,https://open.spotify.com/album/2IjyW9HhEre9dSNCOOzHhS,"[""1972-04-26""]",https://i.scdn.co/image/ab67616d0000b2732f73ffd78ca13e36c84f5054
3eeKCzpqxZ68pBvyjKPvn9,"Europe '72 Vol 5: Stakladen, Aarhus University, Aarhus, Denmark 4/16/72 (Live)",1972-11-05,https://open.spotify.com/album/3eeKCzpqxZ68pBvyjKPvn9,"[""1972-04-16""]",https://i.scdn.co/image/ab67616d0000b27350f99186142b2aa5e34c4172
0ObxRAQTpVO1u7bT3VxrIN,Grateful Dead (Skull & Roses) [Live],1971-10-31,https://open.spotify.com/album/0ObxRAQTpVO1u7bT3VxrIN,[],https://i.scdn.co/image/ab67616d0000b273c4cf64a0a994a12834f964ae
4ypjjo2cfa5C2mDBlTQOfa,Grateful Dead (Skull & Roses) [2021 Remaster] [Live],1971-10-24,https://open.spotify.com/album/4ypjjo2cfa5C2mDBlTQOfa,[],https://i.scdn.co/image/ab67616d0000b273ebe0f7d75a2df9d69bede7be
2UDDZVesmQwA4aYfa55diS,American Beauty (2013 Remaster),1970-06-01,https://open.spotify.com/album/2UDDZVesmQwA4aYfa55diS,[],https://i.scdn.co/image/ab67616d0000b273fd3f66a9ce4371f7ffa0346f
4jxokHekH1qSad1DcC82ku,Workingman's Dead,1970,https://open.spotify.com/album/4jxokHekH1qSad1DcC82ku,[],https://i.scdn.co/image/ab67616d0000b2734d3659e33c2d63d5b54d1f2c
6E7JCQINTT4vwRF4wBcsYk,Live / Dead,1969,https://open.spotify.com/album/6E7JCQINTT4vwRF4wBcsYk,[],https://i.scdn.co/image/ab67616d0000b2730f80c66450eaeac8bcd7f2a3
1dwtN0qpt3OIWlu1MKx8HK,Aoxomoxoa,1969,https://open.spotify.com/album/1dwtN0qpt3OIWlu1MKx8HK,[],https://i.scdn.co/image/ab67616d0000b27346750bb709be43e0585d6d0a
0jtBMVjCxL1CkyrkvtCATH,Anthem of the Sun (2013 Remaster),1968-01-01,https://open.spotify.com/album/0jtBMVjCxL1CkyrkvtCATH,[],https://i.scdn.co/image/ab67616d0000b273bc25131d7741964cd8a76093
4ZaIo647CyWAgow8oxqajh,Anthem of the Sun,1968,https://open.spotify.com/album/4ZaIo647CyWAgow8oxqajh,[],https://i.scdn.co/image/ab67616d0000b2737b58f901663716aa2db139cf
2Qkp6ALKO8kcONs4zq1t2D,The Grateful Dead,1967,https://open.spotify.com/album/2Qkp6ALKO8kcONs4zq1t2D,[],https://i.scdn.co/image/ab67616d0000b2738256c5f5e31415ff8d3fff92
0DaisqoiVdNtl5f33hEPxt,Grateful Dead,1967,https://open.spotify.com/album/0DaisqoiVdNtl5f33hEPxt,[],https://i.scdn.co/image/ab67616d0000b2734356fb89069085c17c4734d6
3N8mBG9DvFq93X6efNxH0i,70s HITS - 100 Greatest Songs of the 1970s,2023-11-04,https://open.spotify.com/album/3N8mBG9DvFq93X6efNxH0i,[],https://i.scdn.co/image/ab67616d0000b2730b79e7da3d434a44145ae179
06xx2UMNtDrlTMAemmllhg,Psycho Killer: 1977 Rock,2020-03-13,https://open.spotify.com/album/06xx2UMNtDrlTMAemmllhg,[],https://i.scdn.co/image/ab67616d0000b273287839acc9ef6759320fc315
2YE4tk7FOB1GlbkwpsJHxo,Great Expectations,1998,https://open.spotify.com/album/2YE4tk7FOB1GlbkwpsJHxo,[],https://i.scdn.co/image/ab67616d0000b273f19956f6f44c382d6334b342
2LBdsQfP7FHebnNldBLSog,Soft Rock Hits 100 Best Songs from the 70s 80s 90s,2024-07-20,https://open.spotify.com/album/2LBdsQfP7FHebnNldBLSog,[],https://i.scdn.co/image/ab67616d0000b2730d814c84a91bde6aeb775e5f
1wG6L7SUkfnE3koQ7fP9FW,Murder Ballads,2021-05-28,https://open.spotify.com/album/1wG6L7SUkfnE3koQ7fP9FW,[],https://i.scdn.co/image/ab67616d0000b273631b43855f12cbcc1af086ea
2u1UZgrpRbcZ0OJj5HeQMU,60s HITS – 100 Greatest Songs of the 1960s,2023-11-07,https://open.spotify.com/album/2u1UZgrpRbcZ0OJj5HeQMU,[],https://i.scdn.co/image/ab67616d0000b273b0b002112e91c85914e799e0
0GObeL7KlCV3tUbyDfIryX,Garcia Plays Dylan,2005-10-25,https://open.spotify.com/album/0GObeL7KlCV3tUbyDfIryX,[],https://i.scdn.co/image/ab67616d0000b273579807d8b5f5295fae2df200
2FMfTRrRK8UerSII8Wen44,Iconic Performances from the Monterey International Pop Festival,2017-06-09,https://open.spotify.com/album/2FMfTRrRK8UerSII8Wen44,[],https://i.scdn.co/image/ab67616d0000b2738a3471f9c33cecad4eb9f335
1mjsJUBTw7BcaqpIq4Vtej,Classics the Sixties,2023-09-22,https://open.spotify.com/album/1mjsJUBTw7BcaqpIq4Vtej,[],https://i.scdn.co/image/ab67616d0000b273f9227db3102ccae171e9cd96
2QaATxSGlkOmg7BhJfihl3,Classic Rock,2022-01-28,https://open.spotify.com/album/2QaATxSGlkOmg7BhJfihl3,[],https://i.scdn.co/image/ab67616d0000b273fc735b1e366f1e3b97072b4c
6oN7rDjXg03uGblQzuk52p,Taking Woodstock [Original Motion Picture Soundtrack],2009-08-21,https://open.spotify.com/album/6oN7rDjXg03uGblQzuk52p,[],https://i.scdn.co/image/ab67616d0000b27321afae897d9e39996a2c08f4
6RF6OqktQg7AtCfS7JbTLs,Rock,2021-09-24,https://open.spotify.com/album/6RF6OqktQg7AtCfS7JbTLs,[],https://i.scdn.co/image/ab67616d0000b2732458e5fc1c4b66007e01c866
1KzigZdQWsfIXQeDmRpMNK,Bill Graham Presents In San Francisco - Fillmore: The Last Days,1972-10-17,https://open.spotify.com/album/1KzigZdQWsfIXQeDmRpMNK,[],https://i.scdn.co/image/ab67616d0000b273245f7f3a46104f8ca0a139c7
20zAHunCSo1RQckkIMnpP9,San Francisco Nuggets,2007-09-18,https://open.spotify.com/album/20zAHunCSo1RQckkIMnpP9,[],https://i.scdn.co/image/ab67616d0000b273cc510fc766afa2045ef2e1f7
0qlitOqxWd7F1ObchZU3HL,Pop en Inglés 1960 - 1969,2024-04-16,https://open.spotify.com/album/0qlitOqxWd7F1ObchZU3HL,[],https://i.scdn.co/image/ab67616d0000b2735bc7885c5dfc83e0939c6c6d
3IDoKkGgtNanZRPNzrDq6q,Hippies: 60's & 70's Classics,2019-06-07,https://open.spotify.com/album/3IDoKkGgtNanZRPNzrDq6q,[],https://i.scdn.co/image/ab67616d0000b273f3cbcf97628da0fd2307bcd1
6pjXnnKBSBgmWmBRb27fgE,The 60s,2019-12-13,https://open.spotify.com/album/6pjXnnKBSBgmWmBRb27fgE,[],https://i.scdn.co/image/ab67616d0000b2735dcb7646d30c50967a3a0a2e
0iw4ouqHYMpomTnRv9CVcN,A Horse with No Name: Best Folk Rock Ever,2018-08-31,https://open.spotify.com/album/0iw4ouqHYMpomTnRv9CVcN,[],https://i.scdn.co/image/ab67616d0000b27375be072d3c40ee1ec5b9b4c8
0OJifnGxaWF5J56hkEgtL2,Flower Power Hits,2017-08-10,https://open.spotify.com/album/0OJifnGxaWF5J56hkEgtL2,[],https://i.scdn.co/image/ab67616d0000b27317989ef0ff2c30bc379fd0ef
5WHwosaLhR8vDOBMWZFFcQ,Road Trip Blues Rock,2017-12-22,https://open.spotify.com/album/5WHwosaLhR8vDOBMWZFFcQ,[],https://i.scdn.co/image/ab67616d0000b2730f7947fd9f8d89d41c58aa01
1HXMFmCw2872UCMBGEcO9a,The 70s,2020-01-10,https://open.spotify.com/album/1HXMFmCw2872UCMBGEcO9a,[],https://i.scdn.co/image/ab67616d0000b2734511f78fd83b87a2e4e58e42
6qDnzWLS9iC4VMnw2bVYaa,100 Greatest Rock Songs,2024-10-01,https://open.spotify.com/album/6qDnzWLS9iC4VMnw2bVYaa,[],https://i.scdn.co/image/ab67616d0000b273539b1cca8ad75a9854aa8d53
32PbT1bPuw7MVG8ap6aDgD,Sixties,2024-01-09,https://open.spotify.com/album/32PbT1bPuw7MVG8ap6aDgD,[],https://i.scdn.co/image/ab67616d0000b2737555b985d9f42bf1cd432eda
5a7vIxjHCqpTvvJ1gRCGZg,Classic Psychedelic,2019-12-13,https://open.spotify.com/album/5a7vIxjHCqpTvvJ1gRCGZg,[],https://i.scdn.co/image/ab67616d0000b2730b0b9ab176aa525b0e71674d
6wdl1Mkvmflo2oxtnNg5ZI,1960s Throwback,2021-03-12,https://open.spotify.com/album/6wdl1Mkvmflo2oxtnNg5ZI,[],https://i.scdn.co/image/ab67616d0000b2732a05cb1667ffa0184ce976b9
7kjrszjLIChWmWalvGx8LW,Yacht Rock Soft Classics,2024-02-10,https://open.spotify.com/album/7kjrszjLIChWmWalvGx8LW,[],https://i.scdn.co/image/ab67616d0000b2739ceee042bde525574349063b
05U9sx1fjjqV0PQxAxZJtI,School's Out - 1972 Rock,2018-06-08,https://open.spotify.com/album/05U9sx1fjjqV0PQxAxZJtI,[],https://i.scdn.co/image/ab67616d0000b273e7b86dfd5b485d5ab8516c64
6Hrabdh6K2ySf5qlaXch7k,Yacht Rock,2023-06-23,https://open.spotify.com/album/6Hrabdh6K2ySf5qlaXch7k,[],https://i.scdn.co/image/ab67616d0000b273b9117a53350e2115e00ef769
0fX9rJDQ3lSVhfhj4FIMlA,The Cottage,2022-12-09,https://open.spotify.com/album/0fX9rJDQ3lSVhfhj4FIMlA,[],https://i.scdn.co/image/ab67616d0000b2737563b0f2a623f0a1a0f48f1d
1MapWPCpuFlq3PcBZqzrPR,60s Essential Hits,2024-06-28,https://open.spotify.com/album/1MapWPCpuFlq3PcBZqzrPR,[],https://i.scdn.co/image/ab67616d0000b27315ff270e9e197f4c6091239e
2B3FSPZtin6hBSTr4KB3gv,60 from the 60's,2019-06-07,https://open.spotify.com/album/2B3FSPZtin6hBSTr4KB3gv,[],https://i.scdn.co/image/ab67616d0000b273002d0f01dcb1b9170b8e7d6a
3n2qZaTjm7LmXIIFcooqUF,Musica per chillare,2023-10-28,https://open.spotify.com/album/3n2qZaTjm7LmXIIFcooqUF,[],https://i.scdn.co/image/ab67616d0000b2739b0d1418307d7cc94a97fd2a
0aWOtaB4bp9XMfpwz7nKRz,Cottage Vibes,2023-06-16,https://open.spotify.com/album/0aWOtaB4bp9XMfpwz7nKRz,[],https://i.scdn.co/image/ab67616d0000b273039712f539b4a923c7779418
7CiczX7E4LRP2hx3g6Drq7,Stay with Me: 1971 Rock,2018-06-08,https://open.spotify.com/album/7CiczX7E4LRP2hx3g6Drq7,[],https://i.scdn.co/image/ab67616d0000b2733e13a4ffedfb89c41a2857b7
3NqU4lbjvBGHzHSN5rkJyS,Folk Rock,2020-05-15,https://open.spotify.com/album/3NqU4lbjvBGHzHSN5rkJyS,[],https://i.scdn.co/image/ab67616d0000b273dfe82d08cbfb1b48a89ee4e5
0fuRNjr6ITyUflIdOPFO1j,Clásicos De Los 70,2017-08-16,https://open.spotify.com/album/0fuRNjr6ITyUflIdOPFO1j,[],https://i.scdn.co/image/ab67616d0000b27370f72edbe438531e940a41c9
6WRMMhBYGmExoXrqr9IPWX,Chill al Parco,2024-04-06,https://open.spotify.com/album/6WRMMhBYGmExoXrqr9IPWX,[],https://i.scdn.co/image/ab67616d0000b2732e5a76a4e290db773751d5b2
4Jai8Kr13Pmway0Du2zRoZ,Summer BBQ Classics,2023-07-14,https://open.spotify.com/album/4Jai8Kr13Pmway0Du2zRoZ,[],https://i.scdn.co/image/ab67616d0000b2735e88b73fccc3715342a72529
2dpirMVpZGMvdpZAfMUOAT,70's Rock Classics,2021-01-02,https://open.spotify.com/album/2dpirMVpZGMvdpZAfMUOAT,[],https://i.scdn.co/image/ab67616d0000b2737609439399a877ad4c0b73f2
6OikRhQaLEFXHsLgpbw2JP,70s Soft Rock 100 Classic Songs,2024-08-21,https://open.spotify.com/album/6OikRhQaLEFXHsLgpbw2JP,[],https://i.scdn.co/image/ab67616d0000b2731c892c76e5ae43a0068abe2e
0qLO4SCYALuGaA2OisKoqE,70s Hits - 100 Top Songs,2024-09-24,https://open.spotify.com/album/0qLO4SCYALuGaA2OisKoqE,[],https://i.scdn.co/image/ab67616d0000b273b28f729757062e10884e31d0
4O49m2KTtpax0V61lobJbu,"Heavy Psych, Prog, Fuzz & Blues 101",2018-06-15,https://open.spotify.com/album/4O49m2KTtpax0V61lobJbu,[],https://i.scdn.co/image/ab67616d0000b27303207cc5174e2fa71692f0b0
4EAI2WgVfL1PC1RaKlBwGx,1970s Music,2020-04-10,https://open.spotify.com/album/4EAI2WgVfL1PC1RaKlBwGx,[],https://i.scdn.co/image/ab67616d0000b273c1188faf4d157011bcce7974
7fIBgW3C91N92rnzwuw3ND,The 70's,2017-05-08,https://open.spotify.com/album/7fIBgW3C91N92rnzwuw3ND,[],https://i.scdn.co/image/ab67616d0000b2732e2937269a29267bd2448484
7e7BgPGCa3nlkQBkwNBTpH,60s Rock,2020-03-20,https://open.spotify.com/album/7e7BgPGCa3nlkQBkwNBTpH,[],https://i.scdn.co/image/ab67616d0000b27396134430d760f9400edf2cd4
5f34iYrVGnJpiPCW8EwGTG,Oldies But Goodies Acoustic,2021-02-19,https://open.spotify.com/album/5f34iYrVGnJpiPCW8EwGTG,[],https://i.scdn.co/image/ab67616d0000b2730e02e708c9c12807516c64fe
2XkWuZfBNSDiSiQVNfVJVf,All American Blues,2021-05-21,https://open.spotify.com/album/2XkWuZfBNSDiSiQVNfVJVf,[],https://i.scdn.co/image/ab67616d0000b273d451718efe225ea71d36ccae
2t1hU73lwshZVtHBgAzgwH,American Acoustic,2021-05-21,https://open.spotify.com/album/2t1hU73lwshZVtHBgAzgwH,[],https://i.scdn.co/image/ab67616d0000b2738effa24479f4b410bc4ad468
5fMCvvZp3DZbtqfDIVxE0B,60's Music,2024-04-18,https://open.spotify.com/album/5fMCvvZp3DZbtqfDIVxE0B,[],https://i.scdn.co/image/ab67616d0000b273c3d60a84b6d0536b378a7a0e
70Qrn9hkfD7mbP9zA03JvC,Road Trip,2021-06-04,https://open.spotify.com/album/70Qrn9hkfD7mbP9zA03JvC,[],https://i.scdn.co/image/ab67616d0000b273897bbd99e28b2876052f98ee
3uqoOjibsJdh0ZKMIkydux,Alternative 60s,2020-09-25,https://open.spotify.com/album/3uqoOjibsJdh0ZKMIkydux,[],https://i.scdn.co/image/ab67616d0000b273e2df56222144d9afd79b4722
70YKeopHMp9larjjZg3rHH,Yacht Rock 100,2023-12-07,https://open.spotify.com/album/70YKeopHMp9larjjZg3rHH,[],https://i.scdn.co/image/ab67616d0000b27300f2dc85c45dfc85a9721f91
73JmZUMVR4kwWEjRmNOtaV,Jam Bands,2020-08-21,https://open.spotify.com/album/73JmZUMVR4kwWEjRmNOtaV,[],https://i.scdn.co/image/ab67616d0000b273507cc0a835795c2afe7c4270
5ytCn7HLvhNzzoO4vZyy7i,Biker Rock,2021-02-19,https://open.spotify.com/album/5ytCn7HLvhNzzoO4vZyy7i,[],https://i.scdn.co/image/ab67616d0000b273760f8ff3ceca8912121ecb4e
273ufdEQe0i23INxSKw0po,Prime Country from the 80s & 90s,2022-03-11,https://open.spotify.com/album/273ufdEQe0i23INxSKw0po,[],https://i.scdn.co/image/ab67616d0000b27316d4f7b8e6357d9802395331
7BM9JcjqeqGDkiuVes78f5,Classic American Rock,2020-08-07,https://open.spotify.com/album/7BM9JcjqeqGDkiuVes78f5,[],https://i.scdn.co/image/ab67616d0000b2732b1311fa0df8259dbee3a0cb
1PxNzAfnZwKx1YbXIsdyL3,Seventies Soft Rock,2024-07-21,https://open.spotify.com/album/1PxNzAfnZwKx1YbXIsdyL3,[],https://i.scdn.co/image/ab67616d0000b273f54a4e974d675e6e0acb544f
5rOnbkFMtRw8mkZwqFLtU2,Autumn Folk,2020-11-06,https://open.spotify.com/album/5rOnbkFMtRw8mkZwqFLtU2,[],https://i.scdn.co/image/ab67616d0000b2735bdee7098fd84c5492c5472e
1FDywoudGcAG6NSxg7XbpF,Going South: Rock and Metal,2019-08-30,https://open.spotify.com/album/1FDywoudGcAG6NSxg7XbpF,[],https://i.scdn.co/image/ab67616d0000b273c99ebd497cd63e7ffbcf9986
2e7aKkuPonI8INVx1kR16U,Easy Riders: Rock,2019-08-16,https://open.spotify.com/album/2e7aKkuPonI8INVx1kR16U,[],https://i.scdn.co/image/ab67616d0000b27320113c7e538f8743b5d3aaf5
56MIWUuhSXnlys5rZywiqn,Rock Heroes,2020-03-13,https://open.spotify.com/album/56MIWUuhSXnlys5rZywiqn,[],https://i.scdn.co/image/ab67616d0000b273f1e2093f613e768b35369364
2Js905gfR2xGDqyQhARYKr,Farm Lake Fishing Songs,2023-09-08,https://open.spotify.com/album/2Js905gfR2xGDqyQhARYKr,[],https://i.scdn.co/image/ab67616d0000b273e181dc5953faccd4a17fe2f3
45vEfG6IwbZJfcbcwi3Rad,THIS Is the 70's,2021-06-04,https://open.spotify.com/album/45vEfG6IwbZJfcbcwi3Rad,[],https://i.scdn.co/image/ab67616d0000b2735059752ec8832ba1ef891013
5tguDxVkLTxcV5s5zTZPZ2,30 Great Rock Songs,2018-02-07,https://open.spotify.com/album/5tguDxVkLTxcV5s5zTZPZ2,[],https://i.scdn.co/image/ab67616d0000b2732f1557a0d253f6f6d849b0e9
6boyR0jnA8u59Uqy0POFdu,Blues Classics,2021-05-21,https://open.spotify.com/album/6boyR0jnA8u59Uqy0POFdu,[],https://i.scdn.co/image/ab67616d0000b273b4f444c8bd2a904064043234
1dmUuvZpyP7192n2QduYPK,Classic Rock,2022-02-11,https://open.spotify.com/album/1dmUuvZpyP7192n2QduYPK,[],https://i.scdn.co/image/ab67616d0000b27323e1e6a0e3c29b13d6026714
7FFjPHfwqkSpYrMNb5iEPE,West Coast Folk,2022-01-21,https://open.spotify.com/album/7FFjPHfwqkSpYrMNb5iEPE,[],https://i.scdn.co/image/ab67616d0000b273f13af4d1054eb85ae0b60e39
07PUxcThXOiy1OUbJoZY0u,Mellow Acoustic,2022-03-04,https://open.spotify.com/album/07PUxcThXOiy1OUbJoZY0u,[],https://i.scdn.co/image/ab67616d0000b273256ae2382f4c406faadbcf39
5rqI48UAt7hOd6KfHTsdqW,Sixties Hits,2023-09-30,https://open.spotify.com/album/5rqI48UAt7hOd6KfHTsdqW,[],https://i.scdn.co/image/ab67616d0000b273a910ce61b238f50c1173f7ec
0bkmwScLOGKuowZlCxEZGN,fall favorites,2024-10-03,https://open.spotify.com/album/0bkmwScLOGKuowZlCxEZGN,[],https://i.scdn.co/image/ab67616d0000b2739c35e59005d80a3ad8aa8fc7
6v6AmImYGalNlk0lqzhpkw,80's Rock Beyond the Hits,2018-06-29,https://open.spotify.com/album/6v6AmImYGalNlk0lqzhpkw,[],https://i.scdn.co/image/ab67616d0000b27351be1269fe074b6fa2de0f56
1VG8SUqPakxukT2Y5pedOz,Classic Rock 70's,2020-03-13,https://open.spotify.com/album/1VG8SUqPakxukT2Y5pedOz,[],https://i.scdn.co/image/ab67616d0000b273584811eb5b4ea74741fb4907
43hW7xjdyFdXbVFJOCRE8v,Only In California: West Coast Psych and Rock,2018-09-07,https://open.spotify.com/album/43hW7xjdyFdXbVFJOCRE8v,[],https://i.scdn.co/image/ab67616d0000b2738371d437cf9eabd9c9ac1d8a
2xolpIjM01HAQfgObLOE4X,Gift Wrapped 3 - A Holiday Smörgåsbord,2015-11-13,https://open.spotify.com/album/2xolpIjM01HAQfgObLOE4X,[],https://i.scdn.co/image/ab67616d0000b273df79499dab6ce346e5dd5df9
34X1TRwNArXBWjWYnIydbw,80's Easy Rock,2024-02-21,https://open.spotify.com/album/34X1TRwNArXBWjWYnIydbw,[],https://i.scdn.co/image/ab67616d0000b273057c7c33c9b86cd6647740f4
7ml0m9gKbP7dos4HVI41mJ,Singer/Songwriter Folk,2018-10-12,https://open.spotify.com/album/7ml0m9gKbP7dos4HVI41mJ,[],https://i.scdn.co/image/ab67616d0000b2739f2882fd6c6a39ba0cd62b1b
2JFvh6sFGY6jzaOaqsF45r,Moon Landing 50,2020-05-08,https://open.spotify.com/album/2JFvh6sFGY6jzaOaqsF45r,[],https://i.scdn.co/image/ab67616d0000b2735f8f4cab35b637497af89576
1B0tjeSxWIv4XA78JFUG1x,1960s Rock,2020-03-13,https://open.spotify.com/album/1B0tjeSxWIv4XA78JFUG1x,[],https://i.scdn.co/image/ab67616d0000b2733a690f85fb35a3f345cf189e
2WS9lFYTRSNZB5JsN6WWAp,Hippie Flower Power,2019-11-22,https://open.spotify.com/album/2WS9lFYTRSNZB5JsN6WWAp,[],https://i.scdn.co/image/ab67616d0000b2737d252333c527bdf0dc054742
6zTddMDS6O5w8cC4XlyRXS,70's Rock Essentials,2017-12-13,https://open.spotify.com/album/6zTddMDS6O5w8cC4XlyRXS,[],https://i.scdn.co/image/ab67616d0000b2735579e86ded8c6c41bd85aeb9
1PBZnhtPGskdXGRKscsqHu,Viaje en carretera,2019-11-22,https://open.spotify.com/album/1PBZnhtPGskdXGRKscsqHu,[],https://i.scdn.co/image/ab67616d0000b273ab97a4c50ce7cdc04a04fe16
0uyKCZJX9hj4i7DblFTmbE,Peace Love and Understanding: 1974 Rock,2018-04-03,https://open.spotify.com/album/0uyKCZJX9hj4i7DblFTmbE,[],https://i.scdn.co/image/ab67616d0000b273bb070ba4a5836887919f4d15
5HBzhqlOVfKUGpVspezy8O,Alternative Blues,2021-05-14,https://open.spotify.com/album/5HBzhqlOVfKUGpVspezy8O,[],https://i.scdn.co/image/ab67616d0000b27357e5f935d533c99a2b0ae9cc
4s1fciusYXkpTpL2e3kT5t,70s songs,2024-07-27,https://open.spotify.com/album/4s1fciusYXkpTpL2e3kT5t,[],https://i.scdn.co/image/ab67616d0000b273351a34ae6e96386978ff9208
0vpEgXA3JLW5hlNLm6yiXb,Cottage Days,2023-06-16,https://open.spotify.com/album/0vpEgXA3JLW5hlNLm6yiXb,[],https://i.scdn.co/image/ab67616d0000b2733e77648afcadb353435fe446
43WlHqI0v92PXBSD41Bcf0,Psychedelic Sixties,2018-04-03,https://open.spotify.com/album/43WlHqI0v92PXBSD41Bcf0,[],https://i.scdn.co/image/ab67616d0000b27336575850d53a3a870cb718bb
3eJAeSBrczopVfBcb9IFiB,Woodstock Rock,2021-09-03,https://open.spotify.com/album/3eJAeSBrczopVfBcb9IFiB,[],https://i.scdn.co/image/ab67616d0000b2737b0cad00a0c2ec98853b3db6
0Xhcqy25TJ3XwTEiqrX0jF,musica de los 60,2024-05-25,https://open.spotify.com/album/0Xhcqy25TJ3XwTEiqrX0jF,[],https://i.scdn.co/image/ab67616d0000b273d0fc9ae6d542c5fba1b55b4c
5q0UHMXIFdt4LRvNi2Uazu,We Love the 70's,2019-11-22,https://open.spotify.com/album/5q0UHMXIFdt4LRvNi2Uazu,[],https://i.scdn.co/image/ab67616d0000b273971a2d120fa3dceac688cdba
0pRQFltFosRNgBgdMt5zUP,70's Rock Anthems,2020-03-13,https://open.spotify.com/album/0pRQFltFosRNgBgdMt5zUP,[],https://i.scdn.co/image/ab67616d0000b27337ef821c05771f44e6bb9e36
3eQuBbjbFzFvw9m9HqV0Nr,Trad Folk and Blues: A Modern Take,2020-08-21,https://open.spotify.com/album/3eQuBbjbFzFvw9m9HqV0Nr,[],https://i.scdn.co/image/ab67616d0000b273fcc4654bad94144adc1bddea
2fJBf1e2YpCpsesqKPQNiw,Stadium Rock,2020-07-31,https://open.spotify.com/album/2fJBf1e2YpCpsesqKPQNiw,[],https://i.scdn.co/image/ab67616d0000b273284b77fde5b81a018793a2f1
4TteHHvUqAiKSeTdiK8l3X,Chill Covers,2023-07-28,https://open.spotify.com/album/4TteHHvUqAiKSeTdiK8l3X,[],https://i.scdn.co/image/ab67616d0000b273015ae77540b72463e6dad4fc
2PxQ7unYWvGeKmG4fMSrsw,Cottage Rules Relax,2023-09-14,https://open.spotify.com/album/2PxQ7unYWvGeKmG4fMSrsw,[],https://i.scdn.co/image/ab67616d0000b273603361c9fc860a33333d5cc8
6grW1ucmH9Gd6ld47AagEh,Early 70s,2020-04-24,https://open.spotify.com/album/6grW1ucmH9Gd6ld47AagEh,[],https://i.scdn.co/image/ab67616d0000b273c734e19c26f5e14c4440b634
1bQymA1vPazKL460fbClba,Classic Rock 100 Epic Songs,2024-07-19,https://open.spotify.com/album/1bQymA1vPazKL460fbClba,[],https://i.scdn.co/image/ab67616d0000b2734afbf8212ec943855d0e8a55
1IY4SIRuRMePnHQNiPxF0B,Juke Box Hero: Rock,2020-04-24,https://open.spotify.com/album/1IY4SIRuRMePnHQNiPxF0B,[],https://i.scdn.co/image/ab67616d0000b27375309faa8b08bd3c726ad1c2
4gkN5UNuEIZdxrwGg2vTE2,RV Relaxation,2023-07-21,https://open.spotify.com/album/4gkN5UNuEIZdxrwGg2vTE2,[],https://i.scdn.co/image/ab67616d0000b273c7029e847e71146328577735
1I239tj2LP4iZP2gqxhhYy,Dig! Rock Classics,2021-03-12,https://open.spotify.com/album/1I239tj2LP4iZP2gqxhhYy,[],https://i.scdn.co/image/ab67616d0000b273c0fa2259a6e1bfe435387fcf
6qb548dcv8u8Puie3dTYbi,The Classics: Rock 'n' Roll Blues,2021-03-19,https://open.spotify.com/album/6qb548dcv8u8Puie3dTYbi,[],https://i.scdn.co/image/ab67616d0000b273c6d0ebdf1ab4687343be2837
2LPjgKCfU5FJde2XCe3Tbe,1970,2017-04-05,https://open.spotify.com/album/2LPjgKCfU5FJde2XCe3Tbe,[],https://i.scdn.co/image/ab67616d0000b273073fa9bebb3888928c5c2425
6eNdeIyWhm6ZzV5jqAmvQZ,Summer Garden Mix 2023,2023-08-04,https://open.spotify.com/album/6eNdeIyWhm6ZzV5jqAmvQZ,[],https://i.scdn.co/image/ab67616d0000b273959aecb7248359c819b36a9a
77EI37JvbcUPGcRsGhcw4w,Rock Mixtape,2018-09-28,https://open.spotify.com/album/77EI37JvbcUPGcRsGhcw4w,[],https://i.scdn.co/image/ab67616d0000b2737dabff00712384f02f2b0b4b
6dccwrZ4Xn2OOzuEWAembN,For What It's Worth: 1967 Rock,2018-03-02,https://open.spotify.com/album/6dccwrZ4Xn2OOzuEWAembN,[],https://i.scdn.co/image/ab67616d0000b273fdcafb618a39b97f9c044c64
6G7re7rLQLXmyoQdkaTm2B,70's Rock Gems,2019-02-15,https://open.spotify.com/album/6G7re7rLQLXmyoQdkaTm2B,[],https://i.scdn.co/image/ab67616d0000b273fae49f020ba1b903645a99dc
1vtV6xje2hB8MpkvxIHzPh,Class of 1975,2020-06-19,https://open.spotify.com/album/1vtV6xje2hB8MpkvxIHzPh,[],https://i.scdn.co/image/ab67616d0000b2735adb70086b69888a4bb13cb7
6BIQfVW9YnRncBllkmh0Mf,Destination Songs,2017-08-25,https://open.spotify.com/album/6BIQfVW9YnRncBllkmh0Mf,[],https://i.scdn.co/image/ab67616d0000b273d880e8e058b88cba9be903b4
7ALssuTYJbrcB6eNJxCuKC,Deep Psych Mindbenders,2018-12-07,https://open.spotify.com/album/7ALssuTYJbrcB6eNJxCuKC,[],https://i.scdn.co/image/ab67616d0000b273408407256cd3f2e512e1358f
6tTR2nruiGn3pSF4pLQj0y,Ain't Nothing but the Blues,2020-04-17,https://open.spotify.com/album/6tTR2nruiGn3pSF4pLQj0y,[],https://i.scdn.co/image/ab67616d0000b273027269614e21ebc7dc6d4e40
03qpmRV5TjngQA2M0IbK8r,Elephant Lake Cottage Songs,2023-09-09,https://open.spotify.com/album/03qpmRV5TjngQA2M0IbK8r,[],https://i.scdn.co/image/ab67616d0000b273a8bdd52286cb90a0ea7bc863
0PACW5Z2Tm4hVVPmf2lOws,60s Hits - 100 Top Songs,2024-07-21,https://open.spotify.com/album/0PACW5Z2Tm4hVVPmf2lOws,[],https://i.scdn.co/image/ab67616d0000b273ff6eb21165ac499b726cb2d1
58DE8ASDij2r61V2NyQcMS,1967,2017-05-23,https://open.spotify.com/album/58DE8ASDij2r61V2NyQcMS,[],https://i.scdn.co/image/ab67616d0000b27385b390ddc48238cd7c0446fc
4jBVoMKFZDzfWq2gkOBdaz,Light My Fire - 60s Rock,2019-06-21,https://open.spotify.com/album/4jBVoMKFZDzfWq2gkOBdaz,[],https://i.scdn.co/image/ab67616d0000b27361ef34883d314b35995ba405
5ttNWyEDb8zLWLwavB9NVH,Monsters of Classic Rock,2018-08-24,https://open.spotify.com/album/5ttNWyEDb8zLWLwavB9NVH,[],https://i.scdn.co/image/ab67616d0000b2733c6a8bc669052cecf6455f77
3Hksp1ncsgpDP6Kn7Ak1G5,THIS Is the 80s,2023-06-04,https://open.spotify.com/album/3Hksp1ncsgpDP6Kn7Ak1G5,[],https://i.scdn.co/image/ab67616d0000b27392446bcb47eb3b8014e54e17
2u3JWWSHJiQ2DzRvHQMSuV,Baptiste Lake Cottage Songs,2023-09-09,https://open.spotify.com/album/2u3JWWSHJiQ2DzRvHQMSuV,[],https://i.scdn.co/image/ab67616d0000b27347b970237d6b6e6446e845a5
4NwWZnJCbCYHk8ZzRs5xjw,Rock Legends,2020-03-13,https://open.spotify.com/album/4NwWZnJCbCYHk8ZzRs5xjw,[],https://i.scdn.co/image/ab67616d0000b273d060b7e6f37bc8d68875b33b
4jRAcXdbzrz4FBFwOCFoDF,Folk & Country,2023-06-26,https://open.spotify.com/album/4jRAcXdbzrz4FBFwOCFoDF,[],https://i.scdn.co/image/ab67616d0000b273eede01c201d87d26c44bdfad
2GLJ1sExViTPaaX33t4Uer,Country Car Songs,2022-03-18,https://open.spotify.com/album/2GLJ1sExViTPaaX33t4Uer,[],https://i.scdn.co/image/ab67616d0000b273deb7af24afbcd1179a31738c
5nIJUq25fw7QPoPif67WV9,The Beat Goes On: 1968 Rock,2018-04-03,https://open.spotify.com/album/5nIJUq25fw7QPoPif67WV9,[],https://i.scdn.co/image/ab67616d0000b273983f971e549fe2afa80bb768
0QrGfwB5pCF3fzSrhHoDVB,60s Blues,2021-05-14,https://open.spotify.com/album/0QrGfwB5pCF3fzSrhHoDVB,[],https://i.scdn.co/image/ab67616d0000b2735052382e2ec3fd4b26fdb459
1esFmFiqKjdxuhC2liVuwB,RV Life,2023-07-21,https://open.spotify.com/album/1esFmFiqKjdxuhC2liVuwB,[],https://i.scdn.co/image/ab67616d0000b2734ac9b743311d9bd52e897705
3QwQJsfbnfoUPat9HrPITJ,People Are Strange - Psychedelic Rock,2022-02-18,https://open.spotify.com/album/3QwQJsfbnfoUPat9HrPITJ,[],https://i.scdn.co/image/ab67616d0000b2733c68a1242bae59bf0ca05bbb
1oI0cnQYik3jItDZg1keNK,Rock Throwback,2022-02-11,https://open.spotify.com/album/1oI0cnQYik3jItDZg1keNK,[],https://i.scdn.co/image/ab67616d0000b273743b83e8b7b7564ec49387f8
6MnpdaFJufAUYCcCIaYMWZ,Rock Legends,2019-01-18,https://open.spotify.com/album/6MnpdaFJufAUYCcCIaYMWZ,[],https://i.scdn.co/image/ab67616d0000b2732473d0046796fc755039f528
5Qacq2HtjmsSQN714eVgLG,1973,2017-04-22,https://open.spotify.com/album/5Qacq2HtjmsSQN714eVgLG,[],https://i.scdn.co/image/ab67616d0000b27359a3f2711b8e23d0e6d25794
6m68bBIcTW5KGs8eIbfukP,Blues Rock and Roll,2021-03-19,https://open.spotify.com/album/6m68bBIcTW5KGs8eIbfukP,[],https://i.scdn.co/image/ab67616d0000b273672d52aa2957a0dd8bc2e726
1v2yON2hRHnaUL9UTglkyf,70's Rock Bands,2022-08-19,https://open.spotify.com/album/1v2yON2hRHnaUL9UTglkyf,[],https://i.scdn.co/image/ab67616d0000b27332a9e01722d48e51398f6f07
05vJqtdl05kcjFjmKRDCFQ,The 70s Album,2020-02-14,https://open.spotify.com/album/05vJqtdl05kcjFjmKRDCFQ,[],https://i.scdn.co/image/ab67616d0000b273291618b24b338d2f5501fb3b
0n7x7XvNUiFCbgEl23Vr7g,1974,2017-04-05,https://open.spotify.com/album/0n7x7XvNUiFCbgEl23Vr7g,[],https://i.scdn.co/image/ab67616d0000b273e0a60240cbea29594a4801f0
2VbZLZPKLcrPNeTfPOJMZm,Down and Dirty Blues,2020-05-01,https://open.spotify.com/album/2VbZLZPKLcrPNeTfPOJMZm,[],https://i.scdn.co/image/ab67616d0000b2732129beeccf2e0d206d4e5559
2jZxErsGR5l8Sy0Cu3wYJ7,Blues Standards,2020-03-13,https://open.spotify.com/album/2jZxErsGR5l8Sy0Cu3wYJ7,[],https://i.scdn.co/image/ab67616d0000b273afcc4d82337a75b31c8b930b
004uKoZH2A6bkJ5K3xqT4g,Weather Songs,2017-09-13,https://open.spotify.com/album/004uKoZH2A6bkJ5K3xqT4g,[],https://i.scdn.co/image/ab67616d0000b273d6859ce58cf9612031d39a09
6gCk4O2dproyWWjId3zdsO,70s Alternative,2020-02-07,https://open.spotify.com/album/6gCk4O2dproyWWjId3zdsO,[],https://i.scdn.co/image/ab67616d0000b273fed04668268eb3836a998423
3JJIPccKEhJzT0ZK3uXbz5,Black Night - 1970 Rock,2018-06-15,https://open.spotify.com/album/3JJIPccKEhJzT0ZK3uXbz5,[],https://i.scdn.co/image/ab67616d0000b273483ca825d32733c3287ad4a2
5iDYehTzSSNbLX2mvpXZ2Z,Summer Yacht Rock,2023-12-01,https://open.spotify.com/album/5iDYehTzSSNbLX2mvpXZ2Z,[],https://i.scdn.co/image/ab67616d0000b27310584c05bcc8d68f4c16f81d
1hhRtnOpKB7z1sbZaaZAQm,1968,2017-08-18,https://open.spotify.com/album/1hhRtnOpKB7z1sbZaaZAQm,[],https://i.scdn.co/image/ab67616d0000b27330ae57476ea7b4a36edd4d51
6n3BLFltwQIbf4ZnCzyms8,Rock 'N' Soul,2019-01-11,https://open.spotify.com/album/6n3BLFltwQIbf4ZnCzyms8,[],https://i.scdn.co/image/ab67616d0000b27384327c46433dd1cf132add09
7M5E1UcO6gpN7sUsczVCGP,OLDIES BUT GOLDIES,2023-06-16,https://open.spotify.com/album/7M5E1UcO6gpN7sUsczVCGP,[],https://i.scdn.co/image/ab67616d0000b27358a60f2eccdbc495687d5b49
1CnVUdwI4CtyNyYI2Ifg9Y,Cottage Rules Visit with Friends,2023-09-14,https://open.spotify.com/album/1CnVUdwI4CtyNyYI2Ifg9Y,[],https://i.scdn.co/image/ab67616d0000b2737fe7295279c377f762025676
7oyPqdKNUPHZ23xAmixsDi,80s Blues Rock,2020-03-13,https://open.spotify.com/album/7oyPqdKNUPHZ23xAmixsDi,[],https://i.scdn.co/image/ab67616d0000b273265f9aa0fea8c50d0cd37878
2Gunw5exGkGuyP1z0gTdmg,Lake of Two Rivers Fishing Songs,2023-09-16,https://open.spotify.com/album/2Gunw5exGkGuyP1z0gTdmg,[],https://i.scdn.co/image/ab67616d0000b2730961c32453ee5aae8a56151a
4iaoM5Tj4Wz1bzJO2zdIOG,Rock Scene 80's,2024-02-03,https://open.spotify.com/album/4iaoM5Tj4Wz1bzJO2zdIOG,[],https://i.scdn.co/image/ab67616d0000b273d5123b0c27f5c382948ecce3
7Aaup7hcsomZ3jZY0LRJGd,Some Soft Rock,2022-11-18,https://open.spotify.com/album/7Aaup7hcsomZ3jZY0LRJGd,[],https://i.scdn.co/image/ab67616d0000b273fe4cc6b8900f9b0cd96e94ba
1tRD7pB4gbb4nWoW164ltr,60s Rock Classics,2017-12-11,https://open.spotify.com/album/1tRD7pB4gbb4nWoW164ltr,[],https://i.scdn.co/image/ab67616d0000b273afa0e742f17ce93b7c005635
3QuRlfHDnXW115WaswzEvw,Rock Solid,2021-05-14,https://open.spotify.com/album/3QuRlfHDnXW115WaswzEvw,[],https://i.scdn.co/image/ab67616d0000b273cc2aaafed564ba3cdabc16fd
094IRTL0tJ6Avib1oFU3QU,Air Guitar Rock,2020-11-13,https://open.spotify.com/album/094IRTL0tJ6Avib1oFU3QU,[],https://i.scdn.co/image/ab67616d0000b273d8d3ec3dd17296fc02ced66d
4Et77XN3Kl6ePSZ6lzuco3,Rock Masterpieces,2020-04-24,https://open.spotify.com/album/4Et77XN3Kl6ePSZ6lzuco3,[],https://i.scdn.co/image/ab67616d0000b273d45f62ca219cdf6c9a8b4473
5f9calkY3PiFjqFY1G46cN,Dickson Lake Fishing Songs,2023-09-16,https://open.spotify.com/album/5f9calkY3PiFjqFY1G46cN,[],https://i.scdn.co/image/ab67616d0000b273c26e19285f7106d4e49e232c
68X4LpgsE0dd2FeqALq485,Vintage Acoustic,2021-03-19,https://open.spotify.com/album/68X4LpgsE0dd2FeqALq485,[],https://i.scdn.co/image/ab67616d0000b273167b65612b3a9058aac19dd9
4FlHwbvsavMpRsSYIXJzAN,60s Rock Nuggets,2019-02-15,https://open.spotify.com/album/4FlHwbvsavMpRsSYIXJzAN,[],https://i.scdn.co/image/ab67616d0000b273e964a641aec9cf2f8bf58736
4EW920nOjKBCoqdM3QhNLg,Sixties Rock,2024-01-24,https://open.spotify.com/album/4EW920nOjKBCoqdM3QhNLg,[],https://i.scdn.co/image/ab67616d0000b273b4b51c870ba2cc3bf0fce4d0
7bOpDYnq8C7YrGejuG0feO,60s: The Collection,2021-03-05,https://open.spotify.com/album/7bOpDYnq8C7YrGejuG0feO,[],https://i.scdn.co/image/ab67616d0000b273526a38dc46dd641541a685be
2xSnR8MGUeqL8gmcTT7zYH,Country Car Music,2022-03-04,https://open.spotify.com/album/2xSnR8MGUeqL8gmcTT7zYH,[],https://i.scdn.co/image/ab67616d0000b273eb17b82eabe9c2cc0697dcda
6EQ67hQYuPGy4jAAhWqVhN,Rockin' Blues,2017-05-13,https://open.spotify.com/album/6EQ67hQYuPGy4jAAhWqVhN,[],https://i.scdn.co/image/ab67616d0000b273a673d327e0a89a3e4ba18b98
3GkjUqg8qcL9HnAzLZ5yAN,Albion Lake Cottage Songs,2023-09-09,https://open.spotify.com/album/3GkjUqg8qcL9HnAzLZ5yAN,[],https://i.scdn.co/image/ab67616d0000b2735033a4f8f0b42ac083b0da7b
5PrgtewsWwdE5td5l7ri7t,Americana Anthems,2023-06-02,https://open.spotify.com/album/5PrgtewsWwdE5td5l7ri7t,[],https://i.scdn.co/image/ab67616d0000b273529268c6e29dd594379d4f5f
3wWM7oQauAoasO1DKIWBxu,Tailgate Anthems,2022-03-25,https://open.spotify.com/album/3wWM7oQauAoasO1DKIWBxu,[],https://i.scdn.co/image/ab67616d0000b2739bef093eca8189122e3e004d
6h5rELiC2S7hwXfXGvySKY,Paudash Lake Cottage Songs,2023-09-09,https://open.spotify.com/album/6h5rELiC2S7hwXfXGvySKY,[],https://i.scdn.co/image/ab67616d0000b27315e24fc4f12fc48f9a31be40
3CJzUd0imgADSRYeBbftwz,Best Country - 70s,2024-04-24,https://open.spotify.com/album/3CJzUd0imgADSRYeBbftwz,[],https://i.scdn.co/image/ab67616d0000b2733420f9132387c4b20f78681a
1fvgf462lxaHdZOIcc4PGU,Pop: Trains and Boats and Planes,2018-06-29,https://open.spotify.com/album/1fvgf462lxaHdZOIcc4PGU,[],https://i.scdn.co/image/ab67616d0000b273080c001b9a6872958104df70
3XVnmooIC3QHmiG3Ufen86,Smokin' In The Boys Room - 1973 Rock,2018-06-15,https://open.spotify.com/album/3XVnmooIC3QHmiG3Ufen86,[],https://i.scdn.co/image/ab67616d0000b27344ab4113685e462fbd2a1f12
2fx0w0q85G0bdJnpFFr6KZ,So Soulful: Blue Eyed Soul,2018-12-14,https://open.spotify.com/album/2fx0w0q85G0bdJnpFFr6KZ,[],https://i.scdn.co/image/ab67616d0000b27350d4a176a44192c87b5e5779
5fgKBM1fmHMq0ldl5yA6rY,1969,2017-04-29,https://open.spotify.com/album/5fgKBM1fmHMq0ldl5yA6rY,[],https://i.scdn.co/image/ab67616d0000b2734e1b95bc2266eb550e1f1b5e
1orxlAOfQHTQopUcqfCpzu,50 Years of Country Rock,2020-10-16,https://open.spotify.com/album/1orxlAOfQHTQopUcqfCpzu,[],https://i.scdn.co/image/ab67616d0000b2738b10442903e6f515395b334b
3YR8P3PGMvOvVglx0aF456,Éxitos de los setenta,2024-02-20,https://open.spotify.com/album/3YR8P3PGMvOvVglx0aF456,[],https://i.scdn.co/image/ab67616d0000b273659d7c7bc53514f2b30a78f0
3nm6NAS5qJ8Og5I1YEsFNV,Fool for the City: 1975 Rock,2018-03-09,https://open.spotify.com/album/3nm6NAS5qJ8Og5I1YEsFNV,[],https://i.scdn.co/image/ab67616d0000b273ac453456440f5e59caa99f38
563ut6UJYQvyrkyf2595U2,Boogie Woogie Rock,2021-08-13,https://open.spotify.com/album/563ut6UJYQvyrkyf2595U2,[],https://i.scdn.co/image/ab67616d0000b273bb29e13860f606e7f380f206
65O4flkHINRLtNdkwo7RU1,Road Trip Hits,2020-03-13,https://open.spotify.com/album/65O4flkHINRLtNdkwo7RU1,[],https://i.scdn.co/image/ab67616d0000b273f1e51754f3a8bf018afc4278
4keHHneXDb3eliNCV6o9Cw,Country Rock Delights,2022-04-15,https://open.spotify.com/album/4keHHneXDb3eliNCV6o9Cw,[],https://i.scdn.co/image/ab67616d0000b2733650677ecfcbcc84bf6623b8
7719q0DA7RSVFFAL0UW0n3,Volume Up - Blues Rock,2021-06-11,https://open.spotify.com/album/7719q0DA7RSVFFAL0UW0n3,[],https://i.scdn.co/image/ab67616d0000b2731e664ec35b3d2f9e50f02e46
5vi7WWm0JpuDqJDY11jC2X,Sunday Hangover,2018-05-11,https://open.spotify.com/album/5vi7WWm0JpuDqJDY11jC2X,[],https://i.scdn.co/image/ab67616d0000b273b577e2b73eb32a18c2718729
3mqdtq02rChqYijTpg6AeJ,Electric Blues Bands,2021-01-15,https://open.spotify.com/album/3mqdtq02rChqYijTpg6AeJ,[],https://i.scdn.co/image/ab67616d0000b273d793d3957c67c764cd02d849
3PwwQdKhIQswjwiNxDuBSg,Anti-Valentine's Vibes,2024-03-26,https://open.spotify.com/album/3PwwQdKhIQswjwiNxDuBSg,[],https://i.scdn.co/image/ab67616d0000b273ca227f84ebcf92224b5f1fce
7yxI2vH60yD0P22CkjTdxd,70's Rock Originals,2020-04-10,https://open.spotify.com/album/7yxI2vH60yD0P22CkjTdxd,[],https://i.scdn.co/image/ab67616d0000b27381d064615b3679b637e533eb
4bYguUSIRDTKZyDMH5VOwM,Faraday Lake Cottage Songs,2023-09-09,https://open.spotify.com/album/4bYguUSIRDTKZyDMH5VOwM,[],https://i.scdn.co/image/ab67616d0000b2733e604d07ee57039e35c2543b
6Xn8vS90WMtmUP0OwTEeiG,Monsters of Psych Rock,2018-08-31,https://open.spotify.com/album/6Xn8vS90WMtmUP0OwTEeiG,[],https://i.scdn.co/image/ab67616d0000b273333ca6b11ad313d75cb1dedc
6SiALN2TvajEm66L4Eqxd8,Walkin' Man: Folk & Blues Classics,2020-02-21,https://open.spotify.com/album/6SiALN2TvajEm66L4Eqxd8,[],https://i.scdn.co/image/ab67616d0000b27315b5120bfd3b260153a4670b
5dg2XRmVK7x1VjDweFSZE0,Saturday Night Rock,2021-01-29,https://open.spotify.com/album/5dg2XRmVK7x1VjDweFSZE0,[],https://i.scdn.co/image/ab67616d0000b273e749ecd1664d62d58c25d77c
5yNEHoTRU1PGgWOPBi0tjl,Vinyl Rock Classics - The 60's,2021-03-19,https://open.spotify.com/album/5yNEHoTRU1PGgWOPBi0tjl,[],https://i.scdn.co/image/ab67616d0000b273e0d54ad9a8758981d0271867
7ualcM73yAmC5Kzoosr5LB,Rock'n Folk,2018-10-19,https://open.spotify.com/album/7ualcM73yAmC5Kzoosr5LB,[],https://i.scdn.co/image/ab67616d0000b273effa5df1e65991e486a3506c
0JOue2R8sWa429lbuw8bly,60s Stars,2024-07-25,https://open.spotify.com/album/0JOue2R8sWa429lbuw8bly,[],https://i.scdn.co/image/ab67616d0000b273005b376f3eec86508804b993
161OfZxVtdnyrPTNB3r8RR,ATV Trail Tour,2023-07-21,https://open.spotify.com/album/161OfZxVtdnyrPTNB3r8RR,[],https://i.scdn.co/image/ab67616d0000b27333970d99fdc8f81a0e513ebd
0sVj9iRFqMAccazokSEBls,70s easy rock,2024-08-03,https://open.spotify.com/album/0sVj9iRFqMAccazokSEBls,[],https://i.scdn.co/image/ab67616d0000b273f021cd9c3e1ceac657c8ff4a
70Iru5sh4QEIoWyYfTthal,Stargazers - Space Week,2023-09-28,https://open.spotify.com/album/70Iru5sh4QEIoWyYfTthal,[],https://i.scdn.co/image/ab67616d0000b273419438eb21379c84d82fc90b
37P71TU7F6bCYOJRjrjD8h,Milk and Alcohol: 1978 Rock,2020-03-13,https://open.spotify.com/album/37P71TU7F6bCYOJRjrjD8h,[],https://i.scdn.co/image/ab67616d0000b273468daed1220675937a758395
4fWW86ym1m0QgXNXMnWPKK,70s Trivia,2020-02-21,https://open.spotify.com/album/4fWW86ym1m0QgXNXMnWPKK,[],https://i.scdn.co/image/ab67616d0000b2732ec27ff939b1221969633560
3N34AwcV3RLvgrLXYdbWU4,Hoochie Coochie Man: Blues Classics,2020-05-15,https://open.spotify.com/album/3N34AwcV3RLvgrLXYdbWU4,[],https://i.scdn.co/image/ab67616d0000b2737abfb036312eaf4c4d5255f0
6pcacyfSLM7Awe2oJRAQS2,Suicide Blonde: Rock Classics,2020-05-15,https://open.spotify.com/album/6pcacyfSLM7Awe2oJRAQS2,[],https://i.scdn.co/image/ab67616d0000b273c46a936ab86b054ddab7f951
4RyZw8psIxcptVIBNtyV0Q,Eyes Like a Cat: Blues Bands,2020-01-31,https://open.spotify.com/album/4RyZw8psIxcptVIBNtyV0Q,[],https://i.scdn.co/image/ab67616d0000b273557345c1a220f9ec4cbda7fd
7pHte75JFFcEpxM53JtpHf,Sing Along Country Songs,2021-11-05,https://open.spotify.com/album/7pHte75JFFcEpxM53JtpHf,[],https://i.scdn.co/image/ab67616d0000b273dbad3f203d58e4e22299e070
0Sc69NQzSLkWCUIcAmd1cL,Original Psych,2020-09-04,https://open.spotify.com/album/0Sc69NQzSLkWCUIcAmd1cL,[],https://i.scdn.co/image/ab67616d0000b273534a6e0b34b8ca98ff8f24d2
0wBs5MCe1cbVKr7fmFYXzE,Rock the 70's!,2021-04-30,https://open.spotify.com/album/0wBs5MCe1cbVKr7fmFYXzE,[],https://i.scdn.co/image/ab67616d0000b273cc5416c8048a3617ec77d5ca
2AIoo9LdSEEgT8TQ1t2lGw,Trout Lake Fishing Songs,2023-09-09,https://open.spotify.com/album/2AIoo9LdSEEgT8TQ1t2lGw,[],https://i.scdn.co/image/ab67616d0000b273e045247dcd17743e04bd7795
5zmvbQyWpV9KlYjq9tCIFg,Roadtrip Classics,2023-11-24,https://open.spotify.com/album/5zmvbQyWpV9KlYjq9tCIFg,[],https://i.scdn.co/image/ab67616d0000b2732e53d866f4ce66c1937fdd5d
5U5rMGMPfJ25HhMy2OhrW9,Music For Rainy Days,2017-12-04,https://open.spotify.com/album/5U5rMGMPfJ25HhMy2OhrW9,[],https://i.scdn.co/image/ab67616d0000b273153317885c2eb9c684f5d3a1
3oXvov3qbKXf6PFCIZqFF9,Counterculture Blues,2020-05-01,https://open.spotify.com/album/3oXvov3qbKXf6PFCIZqFF9,[],https://i.scdn.co/image/ab67616d0000b27343da4adc18d052f930313608
4tYHQSX083c4k7yDPcZSGe,Summer of 69,2018-11-02,https://open.spotify.com/album/4tYHQSX083c4k7yDPcZSGe,[],https://i.scdn.co/image/ab67616d0000b2736a97c52eee151430a0db0464
2srLVKeCbthrYVlh7d5J9s,Blues Rock 50,2021-03-12,https://open.spotify.com/album/2srLVKeCbthrYVlh7d5J9s,[],https://i.scdn.co/image/ab67616d0000b273a6018d7c9dfa8955d5c52891
6WK9pllGN0A270lAYMuECw,Retro Rock,2022-11-04,https://open.spotify.com/album/6WK9pllGN0A270lAYMuECw,[],https://i.scdn.co/image/ab67616d0000b273726bc17c9178dfe259d36815
6FnBEpEezWDUVWuMiqP5eA,Folk Esencial,2024-04-30,https://open.spotify.com/album/6FnBEpEezWDUVWuMiqP5eA,[],https://i.scdn.co/image/ab67616d0000b27364ddfb37ab99ad22b70d5690
0Comz7VyHorKLgiZlUzeid,Country Rock,2022-03-11,https://open.spotify.com/album/0Comz7VyHorKLgiZlUzeid,[],https://i.scdn.co/image/ab67616d0000b273b0f61579a47151acca7e4903
5p7TkzyREiGP9CnE4wKqrO,Yesterday's Rock Hits,2021-04-30,https://open.spotify.com/album/5p7TkzyREiGP9CnE4wKqrO,[],https://i.scdn.co/image/ab67616d0000b2736fc7e625e68d6c9e3e43e2b5
6J3qWzldVrIXV3QRsPmgoB,Smoking Gun: West Coast Blues,2020-01-10,https://open.spotify.com/album/6J3qWzldVrIXV3QRsPmgoB,[],https://i.scdn.co/image/ab67616d0000b273bde93683c8d1987919b214ce
41j6DI1vBMJaHCL2YEYveP,60s Songs,2024-07-31,https://open.spotify.com/album/41j6DI1vBMJaHCL2YEYveP,[],https://i.scdn.co/image/ab67616d0000b27319ab15d9232568b506feba17
4nxRmrmV28rqpotvdskEgK,Prison Blues,2021-03-12,https://open.spotify.com/album/4nxRmrmV28rqpotvdskEgK,[],https://i.scdn.co/image/ab67616d0000b273358760dcd077803340439405
7CBKFyW95ZAtDdktbIaRV2,Eclectic Prog,2018-08-17,https://open.spotify.com/album/7CBKFyW95ZAtDdktbIaRV2,[],https://i.scdn.co/image/ab67616d0000b27332d33c96a8537b644d352a68
7JYOUdhtixypjI5RDo0v5B,70s Blues Rock Essentials,2020-03-13,https://open.spotify.com/album/7JYOUdhtixypjI5RDo0v5B,[],https://i.scdn.co/image/ab67616d0000b273f3eab3b9654b94e301e41c84
04rYpwJwFNtEmEwvApM8zV,Legendary,2022-02-18,https://open.spotify.com/album/04rYpwJwFNtEmEwvApM8zV,[],https://i.scdn.co/image/ab67616d0000b273d9d77944ae3fdb116a3711c7
1IQF4gQ3d7oqMHudrzYCol,100 Rock Classics,2023-09-22,https://open.spotify.com/album/1IQF4gQ3d7oqMHudrzYCol,[],https://i.scdn.co/image/ab67616d0000b273884c79e9763fca474edcd84b
5IabFPsAKWRXq10va0kjPu,Choose Blues,2020-03-13,https://open.spotify.com/album/5IabFPsAKWRXq10va0kjPu,[],https://i.scdn.co/image/ab67616d0000b273196b4f357919973f4a97bc19
66Y3A5rc0HEgJ7555F945z,50 Rockin' Blues,2021-03-12,https://open.spotify.com/album/66Y3A5rc0HEgJ7555F945z,[],https://i.scdn.co/image/ab67616d0000b27353adf5dba419a5878e216357
4814rb4Q0nnjWLXXkpQvZ0,Music for Peace,2021-10-01,https://open.spotify.com/album/4814rb4Q0nnjWLXXkpQvZ0,[],https://i.scdn.co/image/ab67616d0000b273d53dd55fe4f865a96bc87dcc
2xXRTvXOhM8sr1jBqg8rHH,Lost and Found: 70s Rock,2020-03-13,https://open.spotify.com/album/2xXRTvXOhM8sr1jBqg8rHH,[],https://i.scdn.co/image/ab67616d0000b273fea56b0384520087e9b0db06
54WeY74K4h38l501m7aPz9,100 Greatest 80s,2024-02-14,https://open.spotify.com/album/54WeY74K4h38l501m7aPz9,[],https://i.scdn.co/image/ab67616d0000b2730a8c679ade76b54379d7d045
3OTfiwI9WejR3zzwUY1LjQ,Blue-Eyed Blues Players,2021-03-26,https://open.spotify.com/album/3OTfiwI9WejR3zzwUY1LjQ,[],https://i.scdn.co/image/ab67616d0000b273cbe4548e07f285583ef32e71
2d90N5A1JJV7GXn805pFCu,America's Guitar Heroes,2019-11-01,https://open.spotify.com/album/2d90N5A1JJV7GXn805pFCu,[],https://i.scdn.co/image/ab67616d0000b2738975c3d5736dd30fd443a9d4
5Q7HWu4u5AehbripGSjhlD,Folk Rock Mavericks,2020-03-06,https://open.spotify.com/album/5Q7HWu4u5AehbripGSjhlD,[],https://i.scdn.co/image/ab67616d0000b273295cd10cd4c31e8b26e8fb6b
2dl7cqYcfYHvGmvmQho2rm,Rock N Roll - 100 Great Ones,2024-07-05,https://open.spotify.com/album/2dl7cqYcfYHvGmvmQho2rm,[],https://i.scdn.co/image/ab67616d0000b273be830a61529098990bdb49f6
6bz2nX4sAOYqNJJh3o7ZHB,Harmonica Blues,2018-11-02,https://open.spotify.com/album/6bz2nX4sAOYqNJJh3o7ZHB,[],https://i.scdn.co/image/ab67616d0000b2739238030a90b142e5fc8c8951
0en1hEsx95rTT2GSxR80l7,Best of 70s,2024-08-07,https://open.spotify.com/album/0en1hEsx95rTT2GSxR80l7,[],https://i.scdn.co/image/ab67616d0000b2739f95a66be4d3419bec9396a1
5AT1Y6v4RKVoJxAjRquoKj,Domenica mattina,2023-06-23,https://open.spotify.com/album/5AT1Y6v4RKVoJxAjRquoKj,[],https://i.scdn.co/image/ab67616d0000b2730888d9a46149ddc7c2f779d5
2WJoiid4Dew7gfkC10nTnr,Retro Rock,2017-05-13,https://open.spotify.com/album/2WJoiid4Dew7gfkC10nTnr,[],https://i.scdn.co/image/ab67616d0000b273785ffcf8d19850e9c722f683
1sQedAHVBxpVSTak7TkiD0,100 Disco,2023-05-26,https://open.spotify.com/album/1sQedAHVBxpVSTak7TkiD0,[],https://i.scdn.co/image/ab67616d0000b273d4590ad2486c74972961d36f
7zVVEnJhMnQ3OEOd0PGU9T,That 70's Country!,2024-08-24,https://open.spotify.com/album/7zVVEnJhMnQ3OEOd0PGU9T,[],https://i.scdn.co/image/ab67616d0000b2733e800a53130eca8ccf7ebf15
3dtLHLWyYOSyQM9UjjICLf,Psychedelic Vibes,2018-11-30,https://open.spotify.com/album/3dtLHLWyYOSyQM9UjjICLf,[],https://i.scdn.co/image/ab67616d0000b273013f5628022d0502adfd6a3e
4Z0UP5HgJEvOaxCc4sBKlC,60's Legendary,2023-11-10,https://open.spotify.com/album/4Z0UP5HgJEvOaxCc4sBKlC,[],https://i.scdn.co/image/ab67616d0000b2737b6602ba59a54464f4a055c5
5u36RCR0GZzwxi4Ob4qZmE,For Organ Lovers,2018-08-07,https://open.spotify.com/album/5u36RCR0GZzwxi4Ob4qZmE,[],https://i.scdn.co/image/ab67616d0000b2738587a3ba4682b8170b4f7f57
1Jevv3jwyu7zupT99ECTm7,Infinite Acoustic,2023-12-09,https://open.spotify.com/album/1Jevv3jwyu7zupT99ECTm7,[],https://i.scdn.co/image/ab67616d0000b273a209178fa8bd5794ce59014f
0UE4JSSaC4IOhD7WNDEPVj,Class of 1970,2020-06-08,https://open.spotify.com/album/0UE4JSSaC4IOhD7WNDEPVj,[],https://i.scdn.co/image/ab67616d0000b2738096b0086b4559e59bca4586
4drrFLCPI5vlI2c8gWqWLT,Kick Out the Jams: 1969 Rock,2018-03-06,https://open.spotify.com/album/4drrFLCPI5vlI2c8gWqWLT,[],https://i.scdn.co/image/ab67616d0000b273ab95d532b079c6bbf4a59e19
6excQ6aZSBL27bSTxERkpz,Soft Rock Delight,2024-07-25,https://open.spotify.com/album/6excQ6aZSBL27bSTxERkpz,[],https://i.scdn.co/image/ab67616d0000b27392da7514563d3034b8803cc5
0ljDetCklTGtHIgkLftJc5,Volume Up! Classic Rock,2023-09-01,https://open.spotify.com/album/0ljDetCklTGtHIgkLftJc5,[],https://i.scdn.co/image/ab67616d0000b273b05db2d9bd6de85e45917288
4vMwVMJD6wQdz2QFp4y2sP,Classic Blues Revisited,2021-03-19,https://open.spotify.com/album/4vMwVMJD6wQdz2QFp4y2sP,[],https://i.scdn.co/image/ab67616d0000b273d7b92c38db224e0cdef4f47a
0gLaZDkEyzsuEar2eDZ5nr,Rockin' Blues Classics,2017-04-21,https://open.spotify.com/album/0gLaZDkEyzsuEar2eDZ5nr,[],https://i.scdn.co/image/ab67616d0000b273296371923b7caffe8143b7d1
0JaFK9giTW5C623hZK18WC,Stars and Skies,2024-05-02,https://open.spotify.com/album/0JaFK9giTW5C623hZK18WC,[],https://i.scdn.co/image/ab67616d0000b273464883f00504cb05336e767e
4Cu3rzLOyE0AIWaWWsWI88,60s Music Hits,2024-07-18,https://open.spotify.com/album/4Cu3rzLOyE0AIWaWWsWI88,[],https://i.scdn.co/image/ab67616d0000b273da1ebfd4240076694c878281
5z3agjlMTDuX76e1vSkPRW,Rock Hits,2023-11-21,https://open.spotify.com/album/5z3agjlMTDuX76e1vSkPRW,[],https://i.scdn.co/image/ab67616d0000b273f911dfb9c39747d53a9e5fe7
7LiGsiEZW7CHn2eUZaxWAa,1987,2023-06-23,https://open.spotify.com/album/7LiGsiEZW7CHn2eUZaxWAa,[],https://i.scdn.co/image/ab67616d0000b273e395acf0c18d55ecc3cb7688
2rstbAR1MxUD1hRZFjq8Yf,80s Blues Rock Essentials,2020-03-13,https://open.spotify.com/album/2rstbAR1MxUD1hRZFjq8Yf,[],https://i.scdn.co/image/ab67616d0000b273072bc2df50dc0023ab75535f
03moaKMWFpTZ9xyGaAALTS,60's Rock Music,2024-04-16,https://open.spotify.com/album/03moaKMWFpTZ9xyGaAALTS,[],https://i.scdn.co/image/ab67616d0000b27398a627195db0062f8b1b86f4
3vYX1XwzSDTOBZDH8ZWGrm,Lazy Days Balearica,2018-11-02,https://open.spotify.com/album/3vYX1XwzSDTOBZDH8ZWGrm,[],https://i.scdn.co/image/ab67616d0000b2738898466342d542163cd54956
4kHIolF65qUKqtNFvBvMT2,Road Rock,2022-03-11,https://open.spotify.com/album/4kHIolF65qUKqtNFvBvMT2,[],https://i.scdn.co/image/ab67616d0000b27321efa25033672555c0803a8a
4WiFJyClGCO0WpcamPkoGE,Summer Rewind,2024-07-12,https://open.spotify.com/album/4WiFJyClGCO0WpcamPkoGE,[],https://i.scdn.co/image/ab67616d0000b273e5e529dc66665fee17b94f0a
36hzFBCsA50gnlYQ1e3tev,60s Hits Sixties Greatest Music,2024-07-21,https://open.spotify.com/album/36hzFBCsA50gnlYQ1e3tev,[],https://i.scdn.co/image/ab67616d0000b273693dfc55677a30893555513a
1vFBflWBatbQ5yHjoHaGsT,Cookout Music,2024-07-12,https://open.spotify.com/album/1vFBflWBatbQ5yHjoHaGsT,[],https://i.scdn.co/image/ab67616d0000b27372a500b2695004c6905dfe1f
11bUMSzgPGx6k8xsBS4pDK,Rock - Classic Singles,2020-03-13,https://open.spotify.com/album/11bUMSzgPGx6k8xsBS4pDK,[],https://i.scdn.co/image/ab67616d0000b2736e8fe60d462db7db0269f8ed
1O7rdhEk4WxTmqvLtn5o04,The Hits 60s,2024-07-02,https://open.spotify.com/album/1O7rdhEk4WxTmqvLtn5o04,[],https://i.scdn.co/image/ab67616d0000b2730f47b81ce71e0962686cd13c